variable,year,CBSA,fips,tenure,estimate,moe,index,adjusted
B25119_001,2010,"Blacksburg-Christiansburg-Radford, VA Metro Area",13980,All,41377,998,249.38541666666666,66307.0489593317
B25119_002,2010,"Blacksburg-Christiansburg-Radford, VA Metro Area",13980,Owner occupied (dollars),56118,2285,249.38541666666666,89929.64626482771
B25119_003,2010,"Blacksburg-Christiansburg-Radford, VA Metro Area",13980,Renter occupied (dollars),21426,1267,249.38541666666666,34335.37547436114
B25119_001,2010,"Bluefield, WV-VA Micro Area",14140,All,33352,1154,249.38541666666666,53446.9076272236
B25119_002,2010,"Bluefield, WV-VA Micro Area",14140,Owner occupied (dollars),39674,1268,249.38541666666666,63577.97473022514
B25119_003,2010,"Bluefield, WV-VA Micro Area",14140,Renter occupied (dollars),17480,1453,249.38541666666666,28011.871711557582
B25119_001,2010,"Charlottesville, VA Metro Area",16820,All,56592,1168,249.38541666666666,90689.23592107934
B25119_002,2010,"Charlottesville, VA Metro Area",16820,Owner occupied (dollars),73174,1521,249.38541666666666,117262.05381129945
B25119_003,2010,"Charlottesville, VA Metro Area",16820,Renter occupied (dollars),35169,1724,249.38541666666666,56358.66797618814
B25119_001,2010,"Culpeper, VA Micro Area",19020,All,65132,3080,249.38541666666666,104374.66981219499
B25119_002,2010,"Culpeper, VA Micro Area",19020,Owner occupied (dollars),77775,3603,249.38541666666666,124635.20150837477
B25119_003,2010,"Culpeper, VA Micro Area",19020,Renter occupied (dollars),37691,2642,249.38541666666666,60400.19775059021
B25119_001,2010,"Danville, VA Metro Area",19260,All,35049,1068,249.38541666666666,56166.366797390256
B25119_002,2010,"Danville, VA Metro Area",19260,Owner occupied (dollars),43404,1219,249.38541666666666,69555.33637119252
B25119_003,2010,"Danville, VA Metro Area",19260,Renter occupied (dollars),20048,1152,249.38541666666666,32127.116937832176
B25119_001,2010,"Harrisonburg, VA Metro Area",25500,All,45805,1334,249.38541666666666,73402.9624569734
B25119_002,2010,"Harrisonburg, VA Metro Area",25500,Owner occupied (dollars),57478,1707,249.38541666666666,92109.059624537
B25119_003,2010,"Harrisonburg, VA Metro Area",25500,Renter occupied (dollars),28491,2240,249.38541666666666,45657.10737608622
B25119_001,2010,"Kingsport-Bristol-Bristol, TN-VA Metro Area",28700,All,37749,713,249.38541666666666,60493.14332034252
B25119_002,2010,"Kingsport-Bristol-Bristol, TN-VA Metro Area",28700,Owner occupied (dollars),45031,727,249.38541666666666,72162.61985372708
B25119_003,2010,"Kingsport-Bristol-Bristol, TN-VA Metro Area",28700,Renter occupied (dollars),21601,870,249.38541666666666,34615.81469344138
B25119_001,2010,"Lynchburg, VA Metro Area",31340,All,44560,997,249.38541666666666,71407.83772694542
B25119_002,2010,"Lynchburg, VA Metro Area",31340,Owner occupied (dollars),54569,1398,249.38541666666666,87447.35854851177
B25119_003,2010,"Lynchburg, VA Metro Area",31340,Renter occupied (dollars),25380,1267,249.38541666666666,40671.699315751226
B25119_001,2010,"Martinsville, VA Micro Area",32300,All,33642,1423,249.38541666666666,53911.63547598514
B25119_002,2010,"Martinsville, VA Micro Area",32300,Owner occupied (dollars),39783,1446,249.38541666666666,63752.64830096655
B25119_003,2010,"Martinsville, VA Micro Area",32300,Renter occupied (dollars),21948,2378,249.38541666666666,35171.885602131915
B25119_001,2010,"Richmond, VA Metro Area",40060,All,57543,551,249.38541666666666,92213.22276305252
B25119_002,2010,"Richmond, VA Metro Area",40060,Owner occupied (dollars),73017,782,249.38541666666666,117010.4597690389
B25119_003,2010,"Richmond, VA Metro Area",40060,Renter occupied (dollars),33751,683,249.38541666666666,54086.30904672654
B25119_001,2010,"Roanoke, VA Metro Area",40220,All,48032,807,249.38541666666666,76971.75183349736
B25119_002,2010,"Roanoke, VA Metro Area",40220,Owner occupied (dollars),57555,1342,249.38541666666666,92232.45288093231
B25119_003,2010,"Roanoke, VA Metro Area",40220,Renter occupied (dollars),29733,1105,249.38541666666666,47647.424576644255
B25119_001,2010,"Staunton-Waynesboro, VA Micro Area",44420,All,46776,1334,249.38541666666666,74958.99949541289
B25119_002,2010,"Staunton-Waynesboro, VA Micro Area",44420,Owner occupied (dollars),55728,1543,249.38541666666666,89304.6674337346
B25119_003,2010,"Staunton-Waynesboro, VA Micro Area",44420,Renter occupied (dollars),27364,2360,249.38541666666666,43851.07880520948
B25119_001,2010,"Virginia Beach-Norfolk-Newport News, VA-NC Metro Area",47260,All,57605,467,249.38541666666666,92312.57837209808
B25119_002,2010,"Virginia Beach-Norfolk-Newport News, VA-NC Metro Area",47260,Owner occupied (dollars),71996,521,249.38541666666666,115374.29723943362
B25119_003,2010,"Virginia Beach-Norfolk-Newport News, VA-NC Metro Area",47260,Renter occupied (dollars),37042,485,249.38541666666666,59360.16887525835
B25119_001,2010,"Washington-Arlington-Alexandria, DC-VA-MD-WV Metro Area",47900,All,85660,412,249.38541666666666,137270.99146521869
B25119_002,2010,"Washington-Arlington-Alexandria, DC-VA-MD-WV Metro Area",47900,Owner occupied (dollars),107487,470,249.38541666666666,172248.9733787294
B25119_003,2010,"Washington-Arlington-Alexandria, DC-VA-MD-WV Metro Area",47900,Renter occupied (dollars),52099,394,249.38541666666666,83489.1592849221
B25119_001,2010,"Winchester, VA-WV Metro Area",49020,All,51188,1488,249.38541666666666,82029.27283588155
B25119_002,2010,"Winchester, VA-WV Metro Area",49020,Owner occupied (dollars),61625,1918,249.38541666666666,98754.66786182701
B25119_003,2010,"Winchester, VA-WV Metro Area",49020,Renter occupied (dollars),31593,2014,249.38541666666666,50628.092848011365
B25119_001,2011,"Blacksburg-Christiansburg-Radford, VA Metro Area",13980,All,42468,1284,253.63816666666668,66914.30280579487
B25119_002,2011,"Blacksburg-Christiansburg-Radford, VA Metro Area",13980,Owner occupied (dollars),58355,2351,253.63816666666668,91946.50419685786
B25119_003,2011,"Blacksburg-Christiansburg-Radford, VA Metro Area",13980,Renter occupied (dollars),22157,1220,253.63816666666668,34911.467628991166
B25119_001,2011,"Bluefield, WV-VA Micro Area",14140,All,34806,1259,253.63816666666668,54841.74492461373
B25119_002,2011,"Bluefield, WV-VA Micro Area",14140,Owner occupied (dollars),41738,1742,253.63816666666668,65764.08520552571
B25119_003,2011,"Bluefield, WV-VA Micro Area",14140,Renter occupied (dollars),18642,1911,253.63816666666668,29373.091101667793
B25119_001,2011,"Charlottesville, VA Metro Area",16820,All,58026,1595,253.63816666666668,91428.11845646257
B25119_002,2011,"Charlottesville, VA Metro Area",16820,Owner occupied (dollars),75895,1911,253.63816666666668,119583.23941428373
B25119_003,2011,"Charlottesville, VA Metro Area",16820,Renter occupied (dollars),35691,1571,253.63816666666668,56236.18680987154
B25119_001,2011,"Culpeper, VA Micro Area",19020,All,66458,3224,253.63816666666668,104713.91955984541
B25119_002,2011,"Culpeper, VA Micro Area",19020,Owner occupied (dollars),80688,4302,253.63816666666668,127135.28456235227
B25119_003,2011,"Culpeper, VA Micro Area",19020,Renter occupied (dollars),39093,3537,253.63816666666668,61596.51595523544
B25119_001,2011,"Danville, VA Metro Area",19260,All,36102,1023,253.63816666666668,56883.77507522855
B25119_002,2011,"Danville, VA Metro Area",19260,Owner occupied (dollars),44132,1615,253.63816666666668,69536.1686781892
B25119_003,2011,"Danville, VA Metro Area",19260,Renter occupied (dollars),20851,1443,253.63816666666668,32853.68107289321
B25119_001,2011,"Harrisonburg, VA Metro Area",25500,All,47222,1233,253.63816666666668,74404.89797247916
B25119_002,2011,"Harrisonburg, VA Metro Area",25500,Owner occupied (dollars),59391,2123,253.63816666666668,93578.86780491106
B25119_003,2011,"Harrisonburg, VA Metro Area",25500,Renter occupied (dollars),29429,1931,253.63816666666668,46369.525696329874
B25119_001,2011,"Kingsport-Bristol-Bristol, TN-VA Metro Area",28700,All,38931,720,253.63816666666668,61341.26218640859
B25119_002,2011,"Kingsport-Bristol-Bristol, TN-VA Metro Area",28700,Owner occupied (dollars),46663,966,253.63816666666668,73524.11490597168
B25119_003,2011,"Kingsport-Bristol-Bristol, TN-VA Metro Area",28700,Renter occupied (dollars),22616,975,253.63816666666668,35634.68664066725
B25119_001,2011,"Lynchburg, VA Metro Area",31340,All,45512,1172,253.63816666666668,71710.55263486238
B25119_002,2011,"Lynchburg, VA Metro Area",31340,Owner occupied (dollars),56589,1230,253.63816666666668,89163.9229885355
B25119_003,2011,"Lynchburg, VA Metro Area",31340,Renter occupied (dollars),25444,1221,253.63816666666668,40090.59811129897
B25119_001,2011,"Martinsville, VA Micro Area",32300,All,33464,1152,253.63816666666668,52727.23530877648
B25119_002,2011,"Martinsville, VA Micro Area",32300,Owner occupied (dollars),40202,1510,253.63816666666668,63343.90132331556
B25119_003,2011,"Martinsville, VA Micro Area",32300,Renter occupied (dollars),21379,2338,253.63816666666668,33685.61928240295
B25119_001,2011,"Richmond, VA Metro Area",40060,All,58889,526,253.63816666666668,92787.89624965748
B25119_002,2011,"Richmond, VA Metro Area",40060,Owner occupied (dollars),74696,667,253.63816666666668,117694.04639685535
B25119_003,2011,"Richmond, VA Metro Area",40060,Renter occupied (dollars),34814,634,253.63816666666668,54854.35004900025
B25119_001,2011,"Roanoke, VA Metro Area",40220,All,49540,772,253.63816666666668,78057.23276347079
B25119_002,2011,"Roanoke, VA Metro Area",40220,Owner occupied (dollars),59564,1155,253.63816666666668,93851.45361976937
B25119_003,2011,"Roanoke, VA Metro Area",40220,Renter occupied (dollars),30052,1075,253.63816666666668,47351.14975792944
B25119_001,2011,"Staunton-Waynesboro, VA Micro Area",44420,All,47916,1487,253.63816666666668,75498.392513009
B25119_002,2011,"Staunton-Waynesboro, VA Micro Area",44420,Owner occupied (dollars),57435,1798,253.63816666666668,90496.91489240907
B25119_003,2011,"Staunton-Waynesboro, VA Micro Area",44420,Renter occupied (dollars),26756,2040,253.63816666666668,42157.83851068681
B25119_001,2011,"Virginia Beach-Norfolk-Newport News, VA-NC Metro Area",47260,All,59211,453,253.63816666666668,93295.25250621456
B25119_002,2011,"Virginia Beach-Norfolk-Newport News, VA-NC Metro Area",47260,Owner occupied (dollars),74407,597,253.63816666666668,117238.68627839263
B25119_003,2011,"Virginia Beach-Norfolk-Newport News, VA-NC Metro Area",47260,Renter occupied (dollars),37688,626,253.63816666666668,59382.740984854405
B25119_001,2011,"Washington-Arlington-Alexandria, DC-VA-MD-WV Metro Area",47900,All,88486,384,253.63816666666668,139422.1295581041
B25119_002,2011,"Washington-Arlington-Alexandria, DC-VA-MD-WV Metro Area",47900,Owner occupied (dollars),111394,452,253.63816666666668,175516.903238879
B25119_003,2011,"Washington-Arlington-Alexandria, DC-VA-MD-WV Metro Area",47900,Renter occupied (dollars),53972,450,253.63816666666668,85040.47167359802
B25119_001,2011,"Winchester, VA-WV Metro Area",49020,All,52164,1703,253.63816666666668,82191.71356224647
B25119_002,2011,"Winchester, VA-WV Metro Area",49020,Owner occupied (dollars),64412,2131,253.63816666666668,101490.15899799517
B25119_003,2011,"Winchester, VA-WV Metro Area",49020,Renter occupied (dollars),31013,1425,253.63816666666668,48865.3403248591
B25119_001,2012,"Blacksburg-Christiansburg-Radford, VA Metro Area",13980,All,43131,960,260.3668333333333,66202.68755933456
B25119_002,2012,"Blacksburg-Christiansburg-Radford, VA Metro Area",13980,Owner occupied (dollars),59019,1960,260.3668333333333,90589.51605722953
B25119_003,2012,"Blacksburg-Christiansburg-Radford, VA Metro Area",13980,Renter occupied (dollars),22321,1212,260.3668333333333,34260.97676872567
B25119_001,2012,"Bluefield, WV-VA Micro Area",14140,All,35088,1166,260.3668333333333,53857.316108644154
B25119_002,2012,"Bluefield, WV-VA Micro Area",14140,Owner occupied (dollars),42393,1402,260.3668333333333,65069.91569179639
B25119_003,2012,"Bluefield, WV-VA Micro Area",14140,Renter occupied (dollars),20190,1894,260.3668333333333,30990.059628178453
B25119_001,2012,"Charlottesville, VA Metro Area",16820,All,59526,1396,260.3668333333333,91367.72112070087
B25119_002,2012,"Charlottesville, VA Metro Area",16820,Owner occupied (dollars),77726,1915,260.3668333333333,119303.28750172355
B25119_003,2012,"Charlottesville, VA Metro Area",16820,Renter occupied (dollars),36895,1514,260.3668333333333,56630.91877075998
B25119_001,2012,"Culpeper, VA Micro Area",19020,All,65567,3292,260.3668333333333,100640.18026947878
B25119_002,2012,"Culpeper, VA Micro Area",19020,Owner occupied (dollars),80905,4695,260.3668333333333,124182.80209102416
B25119_003,2012,"Culpeper, VA Micro Area",19020,Renter occupied (dollars),37266,3296,260.3668333333333,57200.37454698852
B25119_001,2012,"Danville, VA Metro Area",19260,All,36971,1222,260.3668333333333,56747.5727842192
B25119_002,2012,"Danville, VA Metro Area",19260,Owner occupied (dollars),45579,1662,260.3668333333333,69960.17472970509
B25119_003,2012,"Danville, VA Metro Area",19260,Renter occupied (dollars),20993,1409,260.3668333333333,32222.60137564885
B25119_001,2012,"Harrisonburg, VA Metro Area",25500,All,47143,1222,260.3668333333333,72360.79153299736
B25119_002,2012,"Harrisonburg, VA Metro Area",25500,Owner occupied (dollars),59578,1950,260.3668333333333,91447.53702464665
B25119_003,2012,"Harrisonburg, VA Metro Area",25500,Renter occupied (dollars),28156,1951,260.3668333333333,43217.242144179916
B25119_001,2012,"Kingsport-Bristol-Bristol, TN-VA Metro Area",28700,All,38925,652,260.3668333333333,59746.80886710482
B25119_002,2012,"Kingsport-Bristol-Bristol, TN-VA Metro Area",28700,Owner occupied (dollars),47094,883,260.3668333333333,72285.58039274077
B25119_003,2012,"Kingsport-Bristol-Bristol, TN-VA Metro Area",28700,Renter occupied (dollars),22801,1103,260.3668333333333,34997.7389589944
B25119_001,2012,"Lynchburg, VA Metro Area",31340,All,45953,1184,260.3668333333333,70534.2352696228
B25119_002,2012,"Lynchburg, VA Metro Area",31340,Owner occupied (dollars),56782,1455,260.3668333333333,87155.8972663313
B25119_003,2012,"Lynchburg, VA Metro Area",31340,Renter occupied (dollars),25521,1147,260.3668333333333,39172.72470385054
B25119_001,2012,"Martinsville, VA Micro Area",32300,All,33730,1067,260.3668333333333,51772.893078675545
B25119_002,2012,"Martinsville, VA Micro Area",32300,Owner occupied (dollars),39265,1652,260.3668333333333,60268.68208521183
B25119_003,2012,"Martinsville, VA Micro Area",32300,Renter occupied (dollars),20853,1653,260.3668333333333,32007.712403487134
B25119_001,2012,"Richmond, VA Metro Area",40060,All,58577,649,260.3668333333333,89911.0808736904
B25119_002,2012,"Richmond, VA Metro Area",40060,Owner occupied (dollars),74955,770,260.3668333333333,115050.02077415136
B25119_003,2012,"Richmond, VA Metro Area",40060,Renter occupied (dollars),34909,675,260.3668333333333,53582.56520852311
B25119_001,2012,"Roanoke, VA Metro Area",40220,All,49264,980,260.3668333333333,75616.35946124731
B25119_002,2012,"Roanoke, VA Metro Area",40220,Owner occupied (dollars),59608,1164,260.3668333333333,91493.58466153845
B25119_003,2012,"Roanoke, VA Metro Area",40220,Renter occupied (dollars),30060,1066,260.3668333333333,46139.73216557921
B25119_001,2012,"Staunton-Waynesboro, VA Micro Area",44420,All,47899,1709,260.3668333333333,73521.19198267061
B25119_002,2012,"Staunton-Waynesboro, VA Micro Area",44420,Owner occupied (dollars),57323,2098,260.3668333333333,87986.28965161335
B25119_003,2012,"Staunton-Waynesboro, VA Micro Area",44420,Renter occupied (dollars),27189,1834,260.3668333333333,41732.97331503437
B25119_001,2012,"Virginia Beach-Norfolk-Newport News, VA-NC Metro Area",47260,All,59293,453,260.3668333333333,91010.0844741746
B25119_002,2012,"Virginia Beach-Norfolk-Newport News, VA-NC Metro Area",47260,Owner occupied (dollars),75489,658,260.3668333333333,115869.66871082532
B25119_003,2012,"Virginia Beach-Norfolk-Newport News, VA-NC Metro Area",47260,Renter occupied (dollars),38019,536,260.3668333333333,58356.17023297259
B25119_001,2012,"Washington-Arlington-Alexandria, DC-VA-MD-WV Metro Area",47900,All,89826,437,260.3668333333333,137875.83438141443
B25119_002,2012,"Washington-Arlington-Alexandria, DC-VA-MD-WV Metro Area",47900,Owner occupied (dollars),113403,506,260.3668333333333,174064.67221467663
B25119_003,2012,"Washington-Arlington-Alexandria, DC-VA-MD-WV Metro Area",47900,Renter occupied (dollars),55114,545,260.3668333333333,84595.64865514747
B25119_001,2012,"Winchester, VA-WV Metro Area",49020,All,51815,1514,260.3668333333333,79531.94351827967
B25119_002,2012,"Winchester, VA-WV Metro Area",49020,Owner occupied (dollars),66855,2575,260.3668333333333,102617.15881336654
B25119_003,2012,"Winchester, VA-WV Metro Area",49020,Renter occupied (dollars),30895,935,260.3668333333333,47421.39139240086
B25119_001,2013,"Big Stone Gap, VA Micro Area",13720,All,35566,1498,267.7245833333333,53090.7092031332
B25119_002,2013,"Big Stone Gap, VA Micro Area",13720,Owner occupied (dollars),44583,2923,267.7245833333333,66550.72508584849
B25119_003,2013,"Big Stone Gap, VA Micro Area",13720,Renter occupied (dollars),17302,1436,267.7245833333333,25827.34776563602
B25119_001,2013,"Blacksburg-Christiansburg-Radford, VA Metro Area",13980,All,44034,1089,267.7245833333333,65731.21208600256
B25119_002,2013,"Blacksburg-Christiansburg-Radford, VA Metro Area",13980,Owner occupied (dollars),57962,1608,267.7245833333333,86522.06283619205
B25119_003,2013,"Blacksburg-Christiansburg-Radford, VA Metro Area",13980,Renter occupied (dollars),23515,1518,267.7245833333333,35101.72712454808
B25119_001,2013,"Bluefield, WV-VA Micro Area",14140,All,35205,1435,267.7245833333333,52551.830891759106
B25119_002,2013,"Bluefield, WV-VA Micro Area",14140,Owner occupied (dollars),43254,1637,267.7245833333333,64566.87667638541
B25119_003,2013,"Bluefield, WV-VA Micro Area",14140,Renter occupied (dollars),19801,1655,267.7245833333333,29557.69928952484
B25119_001,2013,"Charlottesville, VA Metro Area",16820,All,58015,1282,267.7245833333333,86601.17793453783
B25119_002,2013,"Charlottesville, VA Metro Area",16820,Owner occupied (dollars),74067,2253,267.7245833333333,110562.60356937711
B25119_003,2013,"Charlottesville, VA Metro Area",16820,Renter occupied (dollars),37265,1646,267.7245833333333,55626.87056331211
B25119_001,2013,"Danville, VA Micro Area",19260,All,37213,1152,267.7245833333333,55549.24820267097
B25119_002,2013,"Danville, VA Micro Area",19260,Owner occupied (dollars),45224,1692,267.7245833333333,67507.56995452105
B25119_003,2013,"Danville, VA Micro Area",19260,Renter occupied (dollars),21712,1251,267.7245833333333,32410.321043086882
B25119_001,2013,"Harrisonburg, VA Metro Area",25500,All,47192,1440,267.7245833333333,70445.27775724743
B25119_002,2013,"Harrisonburg, VA Metro Area",25500,Owner occupied (dollars),60856,1726,267.7245833333333,90842.04575341263
B25119_003,2013,"Harrisonburg, VA Metro Area",25500,Renter occupied (dollars),29848,1333,267.7245833333333,44555.235008016636
B25119_001,2013,"Kingsport-Bristol-Bristol, TN-VA Metro Area",28700,All,39008,618,267.7245833333333,58228.712382495076
B25119_002,2013,"Kingsport-Bristol-Bristol, TN-VA Metro Area",28700,Owner occupied (dollars),47194,838,267.7245833333333,70448.2632326567
B25119_003,2013,"Kingsport-Bristol-Bristol, TN-VA Metro Area",28700,Renter occupied (dollars),22746,1062,267.7245833333333,33953.81182968194
B25119_001,2013,"Lynchburg, VA Metro Area",31340,All,46339,1139,267.7245833333333,69171.97249519173
B25119_002,2013,"Lynchburg, VA Metro Area",31340,Owner occupied (dollars),57450,1269,267.7245833333333,85757.78113141771
B25119_003,2013,"Lynchburg, VA Metro Area",31340,Renter occupied (dollars),25946,1323,267.7245833333333,38730.572484521566
B25119_001,2013,"Martinsville, VA Micro Area",32300,All,34010,1048,267.7245833333333,50768.009334717426
B25119_002,2013,"Martinsville, VA Micro Area",32300,Owner occupied (dollars),40509,1468,267.7245833333333,60469.31167715579
B25119_003,2013,"Martinsville, VA Micro Area",32300,Renter occupied (dollars),22157,2002,267.7245833333333,33074.589321650514
B25119_001,2013,"Richmond, VA Metro Area",40060,All,58891,626,267.7245833333333,87908.81616380018
B25119_002,2013,"Richmond, VA Metro Area",40060,Owner occupied (dollars),75643,811,267.7245833333333,112915.15819188564
B25119_003,2013,"Richmond, VA Metro Area",40060,Renter occupied (dollars),35228,700,267.7245833333333,52586.16385896576
B25119_001,2013,"Roanoke, VA Metro Area",40220,All,49397,890,267.7245833333333,73736.76439597286
B25119_002,2013,"Roanoke, VA Metro Area",40220,Owner occupied (dollars),60038,1161,267.7245833333333,89620.98631101925
B25119_003,2013,"Roanoke, VA Metro Area",40220,Renter occupied (dollars),29654,1572,267.7245833333333,44265.643893316985
B25119_001,2013,"Staunton-Waynesboro, VA Metro Area",44420,All,47935,1582,267.7245833333333,71554.381871793
B25119_002,2013,"Staunton-Waynesboro, VA Metro Area",44420,Owner occupied (dollars),56604,1616,267.7245833333333,84494.92503329448
B25119_003,2013,"Staunton-Waynesboro, VA Metro Area",44420,Renter occupied (dollars),27210,1452,267.7245833333333,40617.392943183215
B25119_001,2013,"Virginia Beach-Norfolk-Newport News, VA-NC Metro Area",47260,All,58844,508,267.7245833333333,87838.65749168223
B25119_002,2013,"Virginia Beach-Norfolk-Newport News, VA-NC Metro Area",47260,Owner occupied (dollars),75175,572,267.7245833333333,112216.55694611534
B25119_003,2013,"Virginia Beach-Norfolk-Newport News, VA-NC Metro Area",47260,Renter occupied (dollars),38106,723,267.7245833333333,56882.262972912155
B25119_001,2013,"Washington-Arlington-Alexandria, DC-VA-MD-WV Metro Area",47900,All,90540,482,267.7245833333333,135152.47177786875
B25119_002,2013,"Washington-Arlington-Alexandria, DC-VA-MD-WV Metro Area",47900,Owner occupied (dollars),114521,544,267.7245833333333,170949.81467277784
B25119_003,2013,"Washington-Arlington-Alexandria, DC-VA-MD-WV Metro Area",47900,Renter occupied (dollars),56330,558,267.7245833333333,84085.91490222384
B25119_001,2013,"Winchester, VA-WV Metro Area",49020,All,51512,2241,267.7245833333333,76893.90464128093
B25119_002,2013,"Winchester, VA-WV Metro Area",49020,Owner occupied (dollars),68154,2502,267.7245833333333,101736.04552185627
B25119_003,2013,"Winchester, VA-WV Metro Area",49020,Renter occupied (dollars),30669,1092,267.7245833333333,45780.77266352393
B25119_001,2014,"Big Stone Gap, VA Micro Area",13720,All,35880,1774,276.1619166666667,51923.074490056104
B25119_002,2014,"Big Stone Gap, VA Micro Area",13720,Owner occupied (dollars),43773,2603,276.1619166666667,63345.28259903083
B25119_003,2014,"Big Stone Gap, VA Micro Area",13720,Renter occupied (dollars),18071,1865,276.1619166666667,26151.111457909807
B25119_001,2014,"Blacksburg-Christiansburg-Radford, VA Metro Area",13980,All,44564,1283,276.1619166666667,64489.96353330157
B25119_002,2014,"Blacksburg-Christiansburg-Radford, VA Metro Area",13980,Owner occupied (dollars),59335,1733,276.1619166666667,85865.54138426641
B25119_003,2014,"Blacksburg-Christiansburg-Radford, VA Metro Area",13980,Renter occupied (dollars),23271,1570,276.1619166666667,33676.19471733823
B25119_001,2014,"Bluefield, WV-VA Micro Area",14140,All,35910,1396,276.1619166666667,51966.488431937425
B25119_002,2014,"Bluefield, WV-VA Micro Area",14140,Owner occupied (dollars),43037,1723,276.1619166666667,62280.19389154249
B25119_003,2014,"Bluefield, WV-VA Micro Area",14140,Renter occupied (dollars),20083,1653,276.1619166666667,29062.73982675019
B25119_001,2014,"Charlottesville, VA Metro Area",16820,All,59189,1754,276.1619166666667,85654.260200444
B25119_002,2014,"Charlottesville, VA Metro Area",16820,Owner occupied (dollars),75096,1888,276.1619166666667,108673.77931731475
B25119_003,2014,"Charlottesville, VA Metro Area",16820,Renter occupied (dollars),38074,1618,276.1619166666667,55098.080772976486
B25119_001,2014,"Danville, VA Micro Area",19260,All,38133,1405,276.1619166666667,55183.461525343075
B25119_002,2014,"Danville, VA Micro Area",19260,Owner occupied (dollars),45730,1576,276.1619166666667,66177.31874108879
B25119_003,2014,"Danville, VA Micro Area",19260,Renter occupied (dollars),22842,2230,276.1619166666667,33055.37534843539
B25119_001,2014,"Harrisonburg, VA Metro Area",25500,All,48518,1361,276.1619166666667,70211.92107325926
B25119_002,2014,"Harrisonburg, VA Metro Area",25500,Owner occupied (dollars),61944,1512,276.1619166666667,89641.10719654502
B25119_003,2014,"Harrisonburg, VA Metro Area",25500,Renter occupied (dollars),31324,1963,276.1619166666667,45329.94384967998
B25119_001,2014,"Kingsport-Bristol-Bristol, TN-VA Metro Area",28700,All,39178,676,276.1619166666667,56695.713834208975
B25119_002,2014,"Kingsport-Bristol-Bristol, TN-VA Metro Area",28700,Owner occupied (dollars),47836,1022,276.1619166666667,69224.9774611573
B25119_003,2014,"Kingsport-Bristol-Bristol, TN-VA Metro Area",28700,Renter occupied (dollars),22754,1059,276.1619166666667,32928.027785583516
B25119_001,2014,"Lynchburg, VA Metro Area",31340,All,46913,1047,276.1619166666667,67889.27518260875
B25119_002,2014,"Lynchburg, VA Metro Area",31340,Owner occupied (dollars),57818,1404,276.1619166666667,83670.24305646778
B25119_003,2014,"Lynchburg, VA Metro Area",31340,Renter occupied (dollars),26579,998,276.1619166666667,38463.30537545154
B25119_001,2014,"Martinsville, VA Micro Area",32300,All,33417,1194,276.1619166666667,48358.789861599915
B25119_002,2014,"Martinsville, VA Micro Area",32300,Owner occupied (dollars),40168,1845,276.1619166666667,58128.37391629247
B25119_003,2014,"Martinsville, VA Micro Area",32300,Renter occupied (dollars),22327,1821,276.1619166666667,32310.102679472762
B25119_001,2014,"Richmond, VA Metro Area",40060,All,59677,497,276.1619166666667,86360.46032171344
B25119_002,2014,"Richmond, VA Metro Area",40060,Owner occupied (dollars),76691,770,276.1619166666667,110981.95389400482
B25119_003,2014,"Richmond, VA Metro Area",40060,Renter occupied (dollars),36213,696,276.1619166666667,52404.96924493874
B25119_001,2014,"Roanoke, VA Metro Area",40220,All,50056,724,276.1619166666667,72437.60916037482
B25119_002,2014,"Roanoke, VA Metro Area",40220,Owner occupied (dollars),59924,1230,276.1619166666667,86717.9017765363
B25119_003,2014,"Roanoke, VA Metro Area",40220,Renter occupied (dollars),29894,1151,276.1619166666667,43260.54595333716
B25119_001,2014,"Staunton-Waynesboro, VA Metro Area",44420,All,49262,1704,276.1619166666667,71288.58683191593
B25119_002,2014,"Staunton-Waynesboro, VA Metro Area",44420,Owner occupied (dollars),57987,1699,276.1619166666667,83914.80826239921
B25119_003,2014,"Staunton-Waynesboro, VA Metro Area",44420,Renter occupied (dollars),27932,2117,276.1619166666667,40421.274154298975
B25119_001,2014,"Virginia Beach-Norfolk-Newport News, VA-NC Metro Area",47260,All,59244,455,276.1619166666667,85733.85242722642
B25119_002,2014,"Virginia Beach-Norfolk-Newport News, VA-NC Metro Area",47260,Owner occupied (dollars),76127,513,276.1619166666667,110165.77178663605
B25119_003,2014,"Virginia Beach-Norfolk-Newport News, VA-NC Metro Area",47260,Renter occupied (dollars),38342,614,276.1619166666667,55485.911987116255
B25119_001,2014,"Washington-Arlington-Alexandria, DC-VA-MD-WV Metro Area",47900,All,91756,419,276.1619166666667,132782.98837540657
B25119_002,2014,"Washington-Arlington-Alexandria, DC-VA-MD-WV Metro Area",47900,Owner occupied (dollars),116228,492,276.1619166666667,168197.18789939355
B25119_003,2014,"Washington-Arlington-Alexandria, DC-VA-MD-WV Metro Area",47900,Renter occupied (dollars),57510,537,276.1619166666667,83224.52658648624
B25119_001,2014,"Winchester, VA-WV Metro Area",49020,All,51872,1843,276.1619166666667,75065.59977559058
B25119_002,2014,"Winchester, VA-WV Metro Area",49020,Owner occupied (dollars),67783,2715,276.1619166666667,98090.90741804552
B25119_003,2014,"Winchester, VA-WV Metro Area",49020,Renter occupied (dollars),31468,1056,276.1619166666667,45538.3307707103
B25119_001,2015,"Big Stone Gap, VA Micro Area",13720,All,35556,2068,286.0319166666667,49678.69229446713
B25119_002,2015,"Big Stone Gap, VA Micro Area",13720,Owner occupied (dollars),44128,2435,286.0319166666667,61655.45431348424
B25119_003,2015,"Big Stone Gap, VA Micro Area",13720,Renter occupied (dollars),17552,1593,286.0319166666667,24523.57990641487
B25119_001,2015,"Blacksburg-Christiansburg-Radford, VA Metro Area",13980,All,45607,1366,286.0319166666667,63721.90683636411
B25119_002,2015,"Blacksburg-Christiansburg-Radford, VA Metro Area",13980,Owner occupied (dollars),59922,1679,286.0319166666667,83722.76408114129
B25119_003,2015,"Blacksburg-Christiansburg-Radford, VA Metro Area",13980,Renter occupied (dollars),24637,1454,286.0319166666667,34422.71183650542
B25119_001,2015,"Bluefield, WV-VA Micro Area",14140,All,36754,1263,286.0319166666667,51352.53280995739
B25119_002,2015,"Bluefield, WV-VA Micro Area",14140,Owner occupied (dollars),43341,1920,286.0319166666667,60555.86125364214
B25119_003,2015,"Bluefield, WV-VA Micro Area",14140,Renter occupied (dollars),21300,1325,286.0319166666667,29760.269599284224
B25119_001,2015,"Charlottesville, VA Metro Area",16820,All,60240,1558,286.0319166666667,84167.07233149679
B25119_002,2015,"Charlottesville, VA Metro Area",16820,Owner occupied (dollars),74541,1671,286.0319166666667,104148.36883569228
B25119_003,2015,"Charlottesville, VA Metro Area",16820,Renter occupied (dollars),39773,1741,286.0319166666667,55570.666796823076
B25119_001,2015,"Danville, VA Micro Area",19260,All,38228,1340,286.0319166666667,53411.99935405809
B25119_002,2015,"Danville, VA Micro Area",19260,Owner occupied (dollars),45197,1276,286.0319166666667,63149.05657647179
B25119_003,2015,"Danville, VA Micro Area",19260,Renter occupied (dollars),24683,1887,286.0319166666667,34486.98284127383
B25119_001,2015,"Harrisonburg, VA Metro Area",25500,All,48305,1195,286.0319166666667,67491.54098560679
B25119_002,2015,"Harrisonburg, VA Metro Area",25500,Owner occupied (dollars),61783,1139,286.0319166666667,86322.94538275011
B25119_003,2015,"Harrisonburg, VA Metro Area",25500,Renter occupied (dollars),31955,1656,286.0319166666667,44647.39037770551
B25119_001,2015,"Kingsport-Bristol-Bristol, TN-VA Metro Area",28700,All,39682,741,286.0319166666667,55443.5219830421
B25119_002,2015,"Kingsport-Bristol-Bristol, TN-VA Metro Area",28700,Owner occupied (dollars),48502,962,286.0319166666667,67766.78854950627
B25119_003,2015,"Kingsport-Bristol-Bristol, TN-VA Metro Area",28700,Renter occupied (dollars),23292,1131,286.0319166666667,32543.483544907427
B25119_001,2015,"Lynchburg, VA Metro Area",31340,All,47770,1067,286.0319166666667,66744.0412562351
B25119_002,2015,"Lynchburg, VA Metro Area",31340,Owner occupied (dollars),58489,1360,286.0319166666667,81720.58256302982
B25119_003,2015,"Lynchburg, VA Metro Area",31340,Renter occupied (dollars),27187,1206,286.0319166666667,37985.561013884515
B25119_001,2015,"Martinsville, VA Micro Area",32300,All,34382,1468,286.0319166666667,48038.38447711691
B25119_002,2015,"Martinsville, VA Micro Area",32300,Owner occupied (dollars),41320,1636,286.0319166666667,57732.128631099724
B25119_003,2015,"Martinsville, VA Micro Area",32300,Renter occupied (dollars),22972,2024,286.0319166666667,32096.380903040244
B25119_001,2015,"Richmond, VA Metro Area",40060,All,59919,647,286.0319166666667,83718.57249387378
B25119_002,2015,"Richmond, VA Metro Area",40060,Owner occupied (dollars),76606,700,286.0319166666667,107033.57807149143
B25119_003,2015,"Richmond, VA Metro Area",40060,Renter occupied (dollars),36453,632,286.0319166666667,50931.97688745107
B25119_001,2015,"Roanoke, VA Metro Area",40220,All,50340,692,286.0319166666667,70334.83434873089
B25119_002,2015,"Roanoke, VA Metro Area",40220,Owner occupied (dollars),60199,1174,286.0319166666667,84109.78730550756
B25119_003,2015,"Roanoke, VA Metro Area",40220,Renter occupied (dollars),30166,1251,286.0319166666667,42147.807170516804
B25119_001,2015,"Staunton-Waynesboro, VA Metro Area",44420,All,49620,1714,286.0319166666667,69328.85340452973
B25119_002,2015,"Staunton-Waynesboro, VA Metro Area",44420,Owner occupied (dollars),58197,1663,286.0319166666667,81312.601402326
B25119_003,2015,"Staunton-Waynesboro, VA Metro Area",44420,Renter occupied (dollars),28902,2405,286.0319166666667,40381.75173514144
B25119_001,2015,"Virginia Beach-Norfolk-Newport News, VA-NC Metro Area",47260,All,58852,541,286.0319166666667,82227.7646223979
B25119_002,2015,"Virginia Beach-Norfolk-Newport News, VA-NC Metro Area",47260,Owner occupied (dollars),75821,721,286.0319166666667,105936.779403161
B25119_003,2015,"Virginia Beach-Norfolk-Newport News, VA-NC Metro Area",47260,Renter occupied (dollars),38279,700,286.0319166666667,53483.25633760567
B25119_001,2015,"Washington-Arlington-Alexandria, DC-VA-MD-WV Metro Area",47900,All,92324,363,286.0319166666667,128994.70096170502
B25119_002,2015,"Washington-Arlington-Alexandria, DC-VA-MD-WV Metro Area",47900,Owner occupied (dollars),116673,502,286.0319166666667,163015.02042052997
B25119_003,2015,"Washington-Arlington-Alexandria, DC-VA-MD-WV Metro Area",47900,Renter occupied (dollars),58463,509,286.0319166666667,81684.2554733781
B25119_001,2015,"Winchester, VA-WV Metro Area",49020,All,53585,1614,286.0319166666667,74868.73457641527
B25119_002,2015,"Winchester, VA-WV Metro Area",49020,Owner occupied (dollars),69156,3081,286.0319166666667,96624.46969052112
B25119_003,2015,"Winchester, VA-WV Metro Area",49020,Renter occupied (dollars),32090,1031,286.0319166666667,44836.011804743226
B25119_001,2016,"Big Stone Gap, VA Micro Area",13720,All,34160,1668,296.8204166666667,45993.434973616204
B25119_002,2016,"Big Stone Gap, VA Micro Area",13720,Owner occupied (dollars),43837,2008,296.8204166666667,59022.66419608939
B25119_003,2016,"Big Stone Gap, VA Micro Area",13720,Renter occupied (dollars),17610,1754,296.8204166666667,23710.315863155192
B25119_001,2016,"Blacksburg-Christiansburg-Radford, VA Metro Area",13980,All,47456,1478,296.8204166666667,63895.32933571225
B25119_002,2016,"Blacksburg-Christiansburg-Radford, VA Metro Area",13980,Owner occupied (dollars),60893,1705,296.8204166666667,81987.06779415724
B25119_003,2016,"Blacksburg-Christiansburg-Radford, VA Metro Area",13980,Renter occupied (dollars),26245,1961,296.8204166666667,35336.58374948938
B25119_001,2016,"Bluefield, WV-VA Micro Area",14140,All,37729,1202,296.8204166666667,50798.779511696885
B25119_002,2016,"Bluefield, WV-VA Micro Area",14140,Owner occupied (dollars),44529,1903,296.8204166666667,59954.38132143313
B25119_003,2016,"Bluefield, WV-VA Micro Area",14140,Renter occupied (dollars),22402,1995,296.8204166666667,30162.322314957557
B25119_001,2016,"Charlottesville, VA Metro Area",16820,All,61664,1394,296.8204166666667,83025.15146993763
B25119_002,2016,"Charlottesville, VA Metro Area",16820,Owner occupied (dollars),76446,1618,296.8204166666667,102927.81410986722
B25119_003,2016,"Charlottesville, VA Metro Area",16820,Renter occupied (dollars),41152,1405,296.8204166666667,55407.547893274415
B25119_001,2016,"Danville, VA Micro Area",19260,All,39459,1100,296.8204166666667,53128.07232505626
B25119_002,2016,"Danville, VA Micro Area",19260,Owner occupied (dollars),47019,1151,296.8204166666667,63306.947278233616
B25119_003,2016,"Danville, VA Micro Area",19260,Renter occupied (dollars),25680,1689,296.8204166666667,34575.860952062765
B25119_001,2016,"Harrisonburg, VA Metro Area",25500,All,49385,1815,296.8204166666667,66492.55814320949
B25119_002,2016,"Harrisonburg, VA Metro Area",25500,Owner occupied (dollars),63798,1480,296.8204166666667,85898.3947437578
B25119_003,2016,"Harrisonburg, VA Metro Area",25500,Renter occupied (dollars),32141,1720,296.8204166666667,43275.02908334304
B25119_001,2016,"Kingsport-Bristol-Bristol, TN-VA Metro Area",28700,All,40432,712,296.8204166666667,54438.13123106705
B25119_002,2016,"Kingsport-Bristol-Bristol, TN-VA Metro Area",28700,Owner occupied (dollars),48704,1260,296.8204166666667,65575.65155020502
B25119_003,2016,"Kingsport-Bristol-Bristol, TN-VA Metro Area",28700,Renter occupied (dollars),24301,906,296.8204166666667,32719.15876152949
B25119_001,2016,"Lynchburg, VA Metro Area",31340,All,48269,1210,296.8204166666667,64989.96231678807
B25119_002,2016,"Lynchburg, VA Metro Area",31340,Owner occupied (dollars),59125,1471,296.8204166666667,79606.61132362582
B25119_003,2016,"Lynchburg, VA Metro Area",31340,Renter occupied (dollars),28796,1311,296.8204166666667,38771.28084017132
B25119_001,2016,"Martinsville, VA Micro Area",32300,All,34542,1986,296.8204166666667,46507.76436939844
B25119_002,2016,"Martinsville, VA Micro Area",32300,Owner occupied (dollars),42040,1804,296.8204166666667,56603.1617766635
B25119_003,2016,"Martinsville, VA Micro Area",32300,Renter occupied (dollars),23201,2269,296.8204166666667,31238.105527601565
B25119_001,2016,"Richmond, VA Metro Area",40060,All,61124,525,296.8204166666667,82298.08897328211
B25119_002,2016,"Richmond, VA Metro Area",40060,Owner occupied (dollars),78416,720,296.8204166666667,105580.24581062904
B25119_003,2016,"Richmond, VA Metro Area",40060,Renter occupied (dollars),37288,624,296.8204166666667,50205.01180609487
B25119_001,2016,"Roanoke, VA Metro Area",40220,All,50517,907,296.8204166666667,68016.6965621244
B25119_002,2016,"Roanoke, VA Metro Area",40220,Owner occupied (dollars),60958,996,296.8204166666667,82074.58457616207
B25119_003,2016,"Roanoke, VA Metro Area",40220,Renter occupied (dollars),30848,1247,296.8204166666667,41534.11832746231
B25119_001,2016,"Staunton-Waynesboro, VA Metro Area",44420,All,51678,1215,296.8204166666667,69579.88092993379
B25119_002,2016,"Staunton-Waynesboro, VA Metro Area",44420,Owner occupied (dollars),59511,1781,296.8204166666667,80126.32636753144
B25119_003,2016,"Staunton-Waynesboro, VA Metro Area",44420,Renter occupied (dollars),31748,2074,296.8204166666667,42745.88915522152
B25119_001,2016,"Virginia Beach-Norfolk-Newport News, VA-NC Metro Area",47260,All,60059,405,296.8204166666667,80864.1601604337
B25119_002,2016,"Virginia Beach-Norfolk-Newport News, VA-NC Metro Area",47260,Owner occupied (dollars),77422,658,296.8204166666667,104241.91225197054
B25119_003,2016,"Virginia Beach-Norfolk-Newport News, VA-NC Metro Area",47260,Renter occupied (dollars),39748,600,296.8204166666667,53517.18540197005
B25119_001,2016,"Washington-Arlington-Alexandria, DC-VA-MD-WV Metro Area",47900,All,93804,405,296.8204166666667,126298.83414124983
B25119_002,2016,"Washington-Arlington-Alexandria, DC-VA-MD-WV Metro Area",47900,Owner occupied (dollars),118742,588,296.8204166666667,159875.65736642666
B25119_003,2016,"Washington-Arlington-Alexandria, DC-VA-MD-WV Metro Area",47900,Renter occupied (dollars),59782,598,296.8204166666667,80491.20402789004
B25119_001,2016,"Winchester, VA-WV Metro Area",49020,All,56053,1410,296.8204166666667,75470.43356487439
B25119_002,2016,"Winchester, VA-WV Metro Area",49020,Owner occupied (dollars),70491,1834,296.8204166666667,94909.93046619378
B25119_003,2016,"Winchester, VA-WV Metro Area",49020,Renter occupied (dollars),35208,2655,296.8204166666667,47404.47478194026
B25119_001,2017,"Big Stone Gap, VA Micro Area",13720,All,34542,1684,308.14258333333333,44798.916946272984
B25119_002,2017,"Big Stone Gap, VA Micro Area",13720,Owner occupied (dollars),43379,2299,308.14258333333333,56259.97968306339
B25119_003,2017,"Big Stone Gap, VA Micro Area",13720,Renter occupied (dollars),18798,1914,308.14258333333333,24379.88653685483
B25119_001,2017,"Blacksburg-Christiansburg-Radford, VA Metro Area",13980,All,50409,1245,308.14258333333333,65377.47103076471
B25119_002,2017,"Blacksburg-Christiansburg-Radford, VA Metro Area",13980,Owner occupied (dollars),63289,2360,308.14258333333333,82082.06399781919
B25119_003,2017,"Blacksburg-Christiansburg-Radford, VA Metro Area",13980,Renter occupied (dollars),30115,2227,308.14258333333333,39057.36158407188
B25119_001,2017,"Bluefield, WV-VA Micro Area",14140,All,39073,1455,308.14258333333333,50675.35411504036
B25119_002,2017,"Bluefield, WV-VA Micro Area",14140,Owner occupied (dollars),45794,2126,308.14258333333333,59392.090864386104
B25119_003,2017,"Bluefield, WV-VA Micro Area",14140,Renter occupied (dollars),23466,1865,308.14258333333333,30434.004546964326
B25119_001,2017,"Charlottesville, VA Metro Area",16820,All,63486,1379,308.14258333333333,82337.56126602647
B25119_002,2017,"Charlottesville, VA Metro Area",16820,Owner occupied (dollars),78281,1946,308.14258333333333,101525.79519052734
B25119_003,2017,"Charlottesville, VA Metro Area",16820,Renter occupied (dollars),42959,2144,308.14258333333333,55715.26469500727
B25119_001,2017,"Danville, VA Micro Area",19260,All,40124,1213,308.14258333333333,52038.43852562843
B25119_002,2017,"Danville, VA Micro Area",19260,Owner occupied (dollars),48369,1413,308.14258333333333,62731.71251734925
B25119_003,2017,"Danville, VA Micro Area",19260,Renter occupied (dollars),26296,1420,308.14258333333333,34104.346014104405
B25119_001,2017,"Harrisonburg, VA Metro Area",25500,All,52264,1566,308.14258333333333,67783.29556134593
B25119_002,2017,"Harrisonburg, VA Metro Area",25500,Owner occupied (dollars),66897,1456,308.14258333333333,86761.42513331086
B25119_003,2017,"Harrisonburg, VA Metro Area",25500,Renter occupied (dollars),34339,1860,308.14258333333333,44535.63803537919
B25119_001,2017,"Kingsport-Bristol-Bristol, TN-VA Metro Area",28700,All,41558,720,308.14258333333333,53898.251127705764
B25119_002,2017,"Kingsport-Bristol-Bristol, TN-VA Metro Area",28700,Owner occupied (dollars),50194,936,308.14258333333333,65098.62883449789
B25119_003,2017,"Kingsport-Bristol-Bristol, TN-VA Metro Area",28700,Renter occupied (dollars),24703,929,308.14258333333333,32038.319880834388
B25119_001,2017,"Lynchburg, VA Metro Area",31340,All,50711,877,308.14258333333333,65769.14704598603
B25119_002,2017,"Lynchburg, VA Metro Area",31340,Owner occupied (dollars),61537,1104,308.14258333333333,79809.8243333565
B25119_003,2017,"Lynchburg, VA Metro Area",31340,Renter occupied (dollars),30535,943,308.14258333333333,39602.076572128004
B25119_001,2017,"Martinsville, VA Micro Area",32300,All,36338,1785,308.14258333333333,47128.22199043679
B25119_002,2017,"Martinsville, VA Micro Area",32300,Owner occupied (dollars),44264,1714,308.14258333333333,57407.77197932451
B25119_003,2017,"Martinsville, VA Micro Area",32300,Renter occupied (dollars),23925,2431,308.14258333333333,31029.300212482805
B25119_001,2017,"Richmond, VA Metro Area",40060,All,63599,710,308.14258333333333,82484.11553662253
B25119_002,2017,"Richmond, VA Metro Area",40060,Owner occupied (dollars),81581,902,308.14258333333333,105805.69866811117
B25119_003,2017,"Richmond, VA Metro Area",40060,Renter occupied (dollars),38962,863,308.14258333333333,50531.39372533982
B25119_001,2017,"Roanoke, VA Metro Area",40220,All,52609,820,308.14258333333333,68230.7400158206
B25119_002,2017,"Roanoke, VA Metro Area",40220,Owner occupied (dollars),63869,1687,308.14258333333333,82834.28945751576
B25119_003,2017,"Roanoke, VA Metro Area",40220,Renter occupied (dollars),31793,1281,308.14258333333333,41233.62765540087
B25119_001,2017,"Staunton-Waynesboro, VA Metro Area",44420,All,54427,1975,308.14258333333333,70588.57774983496
B25119_002,2017,"Staunton-Waynesboro, VA Metro Area",44420,Owner occupied (dollars),63248,2195,308.14258333333333,82028.88943946133
B25119_003,2017,"Staunton-Waynesboro, VA Metro Area",44420,Renter occupied (dollars),32068,2708,308.14258333333333,41590.286278532854
B25119_001,2017,"Virginia Beach-Norfolk-Newport News, VA-NC Metro Area",47260,All,61889,440,308.14258333333333,80266.34737096545
B25119_002,2017,"Virginia Beach-Norfolk-Newport News, VA-NC Metro Area",47260,Owner occupied (dollars),79553,713,308.14258333333333,103175.50344006874
B25119_003,2017,"Virginia Beach-Norfolk-Newport News, VA-NC Metro Area",47260,Renter occupied (dollars),40730,442,308.14258333333333,52824.384436966546
B25119_001,2017,"Washington-Arlington-Alexandria, DC-VA-MD-WV Metro Area",47900,All,97148,502,308.14258333333333,125995.1706182771
B25119_002,2017,"Washington-Arlington-Alexandria, DC-VA-MD-WV Metro Area",47900,Owner occupied (dollars),122077,495,308.14258333333333,158326.59904030358
B25119_003,2017,"Washington-Arlington-Alexandria, DC-VA-MD-WV Metro Area",47900,Renter occupied (dollars),61778,482,308.14258333333333,80122.3869812649
B25119_001,2017,"Winchester, VA-WV Metro Area",49020,All,60350,1346,308.14258333333333,78270.35602187407
B25119_002,2017,"Winchester, VA-WV Metro Area",49020,Owner occupied (dollars),71973,1798,308.14258333333333,93344.69484610345
B25119_003,2017,"Winchester, VA-WV Metro Area",49020,Renter occupied (dollars),38781,1955,308.14258333333333,50296.64750429658
B25119_001,2018,"Big Stone Gap, VA Micro Area",13720,All,34649,1603,319.28875,43368.943485857235
B25119_002,2018,"Big Stone Gap, VA Micro Area",13720,Owner occupied (dollars),44248,2083,319.28875,55383.67662449741
B25119_003,2018,"Big Stone Gap, VA Micro Area",13720,Renter occupied (dollars),18641,1898,319.28875,23332.28882564763
B25119_001,2018,"Blacksburg-Christiansburg-Radford, VA Metro Area",13980,All,52189,1154,319.28875,65323.14905432778
B25119_002,2018,"Blacksburg-Christiansburg-Radford, VA Metro Area",13980,Owner occupied (dollars),65409,2414,319.28875,81870.16146112257
B25119_003,2018,"Blacksburg-Christiansburg-Radford, VA Metro Area",13980,Renter occupied (dollars),29608,2356,319.28875,37059.299798818465
B25119_001,2018,"Bluefield, WV-VA Micro Area",14140,All,40218,1530,319.28875,50339.46633710082
B25119_002,2018,"Bluefield, WV-VA Micro Area",14140,Owner occupied (dollars),45748,2078,319.28875,57261.174250079275
B25119_003,2018,"Bluefield, WV-VA Micro Area",14140,Renter occupied (dollars),26503,2096,319.28875,33172.879713864015
B25119_001,2018,"Charlottesville, VA Metro Area",16820,All,67224,1482,319.28875,84141.93358807662
B25119_002,2018,"Charlottesville, VA Metro Area",16820,Owner occupied (dollars),84011,1556,319.28875,105153.63534850508
B25119_003,2018,"Charlottesville, VA Metro Area",16820,Renter occupied (dollars),44857,2228,319.28875,56145.94066048365
B25119_001,2018,"Danville, VA Micro Area",19260,All,41091,1186,319.28875,51432.16995518946
B25119_002,2018,"Danville, VA Micro Area",19260,Owner occupied (dollars),49127,1238,319.28875,61490.55056797335
B25119_003,2018,"Danville, VA Micro Area",19260,Renter occupied (dollars),27658,2068,319.28875,34618.55288556205
B25119_001,2018,"Harrisonburg, VA Metro Area",25500,All,54136,1461,319.28875,67760.14097233303
B25119_002,2018,"Harrisonburg, VA Metro Area",25500,Owner occupied (dollars),68977,1523,319.28875,86336.10247983996
B25119_003,2018,"Harrisonburg, VA Metro Area",25500,Renter occupied (dollars),34699,2160,319.28875,43431.5267400433
B25119_001,2018,"Kingsport-Bristol-Bristol, TN-VA Metro Area",28700,All,42579,819,319.28875,53294.647599766664
B25119_002,2018,"Kingsport-Bristol-Bristol, TN-VA Metro Area",28700,Owner occupied (dollars),51190,922,319.28875,64072.73563569026
B25119_003,2018,"Kingsport-Bristol-Bristol, TN-VA Metro Area",28700,Renter occupied (dollars),25712,1229,319.28875,32182.812632640518
B25119_001,2018,"Lynchburg, VA Metro Area",31340,All,52076,1035,319.28875,65181.71089986728
B25119_002,2018,"Lynchburg, VA Metro Area",31340,Owner occupied (dollars),63392,1161,319.28875,79345.55298725683
B25119_003,2018,"Lynchburg, VA Metro Area",31340,Renter occupied (dollars),31527,1208,319.28875,39461.24509447953
B25119_001,2018,"Martinsville, VA Micro Area",32300,All,36061,1718,319.28875,45136.29458407163
B25119_002,2018,"Martinsville, VA Micro Area",32300,Owner occupied (dollars),44304,2502,319.28875,55453.7698691858
B25119_003,2018,"Martinsville, VA Micro Area",32300,Renter occupied (dollars),24283,2083,319.28875,30394.183228002865
B25119_001,2018,"Richmond, VA Metro Area",40060,All,66258,751,319.28875,82932.82511720191
B25119_002,2018,"Richmond, VA Metro Area",40060,Owner occupied (dollars),84479,713,319.28875,105739.41460768662
B25119_003,2018,"Richmond, VA Metro Area",40060,Renter occupied (dollars),41086,643,319.28875,51425.91162977085
B25119_001,2018,"Roanoke, VA Metro Area",40220,All,54664,788,319.28875,68421.02013653785
B25119_002,2018,"Roanoke, VA Metro Area",40220,Owner occupied (dollars),66299,1279,319.28875,82984.14338563448
B25119_003,2018,"Roanoke, VA Metro Area",40220,Renter occupied (dollars),33843,1938,319.28875,42360.101428377915
B25119_001,2018,"Staunton-Waynesboro, VA Metro Area",44420,All,55721,1627,319.28875,69744.0301300312
B25119_002,2018,"Staunton-Waynesboro, VA Metro Area",44420,Owner occupied (dollars),65291,2799,319.28875,81722.46498124347
B25119_003,2018,"Staunton-Waynesboro, VA Metro Area",44420,Renter occupied (dollars),34882,2989,319.28875,43660.58145036428
B25119_001,2018,"Virginia Beach-Norfolk-Newport News, VA-NC Metro Area",47260,All,64534,474,319.28875,80774.95451286649
B25119_002,2018,"Virginia Beach-Norfolk-Newport News, VA-NC Metro Area",47260,Owner occupied (dollars),82872,690,319.28875,103727.98881814658
B25119_003,2018,"Virginia Beach-Norfolk-Newport News, VA-NC Metro Area",47260,Renter occupied (dollars),41940,513,319.28875,52494.8336112688
B25119_001,2018,"Washington-Arlington-Alexandria, DC-VA-MD-WV Metro Area",47900,All,100732,455,319.28875,126082.72721340792
B25119_002,2018,"Washington-Arlington-Alexandria, DC-VA-MD-WV Metro Area",47900,Owner occupied (dollars),126358,531,319.28875,158157.8966488484
B25119_003,2018,"Washington-Arlington-Alexandria, DC-VA-MD-WV Metro Area",47900,Renter occupied (dollars),63816,437,319.28875,79876.25898275463
B25119_001,2018,"Winchester, VA-WV Metro Area",49020,All,62967,1536,319.28875,78813.5953266753
B25119_002,2018,"Winchester, VA-WV Metro Area",49020,Owner occupied (dollars),74144,2649,319.28875,92803.4559674276
B25119_003,2018,"Winchester, VA-WV Metro Area",49020,Renter occupied (dollars),41534,2352,319.28875,51986.65758727797
B25119_001,2019,"Big Stone Gap, VA Micro Area",13720,All,38175,2485,331.12375,46074.48270170896
B25119_002,2019,"Big Stone Gap, VA Micro Area",13720,Owner occupied (dollars),49100,2480,331.12375,59260.17290514499
B25119_003,2019,"Big Stone Gap, VA Micro Area",13720,Renter occupied (dollars),19343,3043,331.12375,23345.611497030946
B25119_001,2019,"Blacksburg-Christiansburg, VA Metro Area",13980,All,55065,1360,331.12375,66459.49940981281
B25119_002,2019,"Blacksburg-Christiansburg, VA Metro Area",13980,Owner occupied (dollars),70346,1797,331.12375,84902.56870031221
B25119_003,2019,"Blacksburg-Christiansburg, VA Metro Area",13980,Renter occupied (dollars),30738,2675,331.12375,37098.55793805187
B25119_001,2019,"Bluefield, WV-VA Micro Area",14140,All,41715,1548,331.12375,50347.008406071756
B25119_002,2019,"Bluefield, WV-VA Micro Area",14140,Owner occupied (dollars),47570,2243,331.12375,57413.572812581406
B25119_003,2019,"Bluefield, WV-VA Micro Area",14140,Renter occupied (dollars),27143,2654,331.12375,32759.65118460999
B25119_001,2019,"Charlottesville, VA Metro Area",16820,All,72697,2399,331.12375,87740.05681640175
B25119_002,2019,"Charlottesville, VA Metro Area",16820,Owner occupied (dollars),90940,2162,331.12375,109758.04733185103
B25119_003,2019,"Charlottesville, VA Metro Area",16820,Renter occupied (dollars),47719,2404,331.12375,57593.40510917747
B25119_001,2019,"Danville, VA Micro Area",19260,All,42175,1242,331.12375,50902.19536200591
B25119_002,2019,"Danville, VA Micro Area",19260,Owner occupied (dollars),51574,1521,331.12375,62246.11318553865
B25119_003,2019,"Danville, VA Micro Area",19260,Renter occupied (dollars),27835,1965,331.12375,33594.845474841364
B25119_001,2019,"Harrisonburg, VA Metro Area",25500,All,56500,1954,331.12375,68191.44132669433
B25119_002,2019,"Harrisonburg, VA Metro Area",25500,Owner occupied (dollars),71511,1735,331.12375,86308.6400126237
B25119_003,2019,"Harrisonburg, VA Metro Area",25500,Renter occupied (dollars),37632,1818,331.12375,45419.12070807365
B25119_001,2019,"Kingsport-Bristol, TN-VA Metro Area",28700,All,44869,1001,331.12375,54153.659838715896
B25119_002,2019,"Kingsport-Bristol, TN-VA Metro Area",28700,Owner occupied (dollars),53760,1017,331.12375,64884.45815439093
B25119_003,2019,"Kingsport-Bristol, TN-VA Metro Area",28700,Renter occupied (dollars),26721,842,331.12375,32250.32749894866
B25119_001,2019,"Lynchburg, VA Metro Area",31340,All,53798,1059,331.12375,64930.32142466375
B25119_002,2019,"Lynchburg, VA Metro Area",31340,Owner occupied (dollars),65682,1708,331.12375,79273.45573840597
B25119_003,2019,"Lynchburg, VA Metro Area",31340,Renter occupied (dollars),32756,1753,331.12375,39534.13897517168
B25119_001,2019,"Martinsville, VA Micro Area",32300,All,37309,1602,331.12375,45029.28291075467
B25119_002,2019,"Martinsville, VA Micro Area",32300,Owner occupied (dollars),44488,2820,331.12375,53693.82020782262
B25119_003,2019,"Martinsville, VA Micro Area",32300,Renter occupied (dollars),26281,1788,331.12375,31719.279106315997
B25119_001,2019,"Richmond, VA Metro Area",40060,All,68529,811,331.12375,82709.58022437233
B25119_002,2019,"Richmond, VA Metro Area",40060,Owner occupied (dollars),87731,977,331.12375,105885.0148501278
B25119_003,2019,"Richmond, VA Metro Area",40060,Renter occupied (dollars),42400,783,331.12375,51173.75419914761
B25119_001,2019,"Roanoke, VA Metro Area",40220,All,56596,1114,331.12375,68307.30643054146
B25119_002,2019,"Roanoke, VA Metro Area",40220,Owner occupied (dollars),69266,1263,331.12375,83599.08628203203
B25119_003,2019,"Roanoke, VA Metro Area",40220,Renter occupied (dollars),34441,1847,331.12375,41567.812933321766
B25119_001,2019,"Staunton, VA Metro Area",44420,All,57140,1423,331.12375,68963.87535234184
B25119_002,2019,"Staunton, VA Metro Area",44420,Owner occupied (dollars),68692,1637,331.12375,82906.30951527943
B25119_003,2019,"Staunton, VA Metro Area",44420,Renter occupied (dollars),36719,4039,331.12375,44317.19529336088
B25119_001,2019,"Virginia Beach-Norfolk-Newport News, VA-NC Metro Area",47260,All,66759,593,331.12375,80573.31737219093
B25119_002,2019,"Virginia Beach-Norfolk-Newport News, VA-NC Metro Area",47260,Owner occupied (dollars),84795,778,331.12375,102341.47375746985
B25119_003,2019,"Virginia Beach-Norfolk-Newport News, VA-NC Metro Area",47260,Renter occupied (dollars),44191,510,331.12375,53335.36254279556
B25119_001,2019,"Washington-Arlington-Alexandria, DC-VA-MD-WV Metro Area",47900,All,103751,520,331.12375,125220.00405461706
B25119_002,2019,"Washington-Arlington-Alexandria, DC-VA-MD-WV Metro Area",47900,Owner occupied (dollars),130113,646,331.12375,157037.04434230409
B25119_003,2019,"Washington-Arlington-Alexandria, DC-VA-MD-WV Metro Area",47900,Renter occupied (dollars),66026,640,331.12375,79688.63902719152
B25119_001,2019,"Winchester, VA-WV Metro Area",49020,All,67072,2152,331.12375,80951.08588785917
B25119_002,2019,"Winchester, VA-WV Metro Area",49020,Owner occupied (dollars),78864,2854,331.12375,95183.18281041455
B25119_003,2019,"Winchester, VA-WV Metro Area",49020,Renter occupied (dollars),45581,2666,331.12375,55012.99269224875
B25119_001,2020,"Big Stone Gap, VA Micro Area",13720,All,39886,4215,341.46775,46681.25744196926
B25119_002,2020,"Big Stone Gap, VA Micro Area",13720,Owner occupied (dollars),50434,3111,341.46775,59026.28836755447
B25119_003,2020,"Big Stone Gap, VA Micro Area",13720,Renter occupied (dollars),19403,2892,341.46775,22708.630550732825
B25119_001,2020,"Blacksburg-Christiansburg, VA Metro Area",13980,All,55475,1527,341.46775,64926.10832355324
B25119_002,2020,"Blacksburg-Christiansburg, VA Metro Area",13980,Owner occupied (dollars),73058,2245,341.46775,85504.67096714111
B25119_003,2020,"Blacksburg-Christiansburg, VA Metro Area",13980,Renter occupied (dollars),29781,2118,341.46775,34854.699089386915
B25119_001,2020,"Bluefield, WV-VA Micro Area",14140,All,41979,2025,341.46775,49130.83553518597
B25119_002,2020,"Bluefield, WV-VA Micro Area",14140,Owner occupied (dollars),47418,2550,341.46775,55496.461549999956
B25119_003,2020,"Bluefield, WV-VA Micro Area",14140,Renter occupied (dollars),28624,3630,341.46775,33500.58449127333
B25119_001,2020,"Charlottesville, VA Metro Area",16820,All,75176,2128,341.46775,87983.5082349065
B25119_002,2020,"Charlottesville, VA Metro Area",16820,Owner occupied (dollars),92772,1949,341.46775,108577.28564925969
B25119_003,2020,"Charlottesville, VA Metro Area",16820,Renter occupied (dollars),49067,2527,341.46775,57426.396703231854
B25119_001,2020,"Danville, VA Micro Area",19260,All,43113,1895,341.46775,50458.03169271475
B25119_002,2020,"Danville, VA Micro Area",19260,Owner occupied (dollars),53096,2095,341.46775,62141.80527349947
B25119_003,2020,"Danville, VA Micro Area",19260,Renter occupied (dollars),28512,2627,341.46775,33369.503389295176
B25119_001,2020,"Harrisonburg, VA Metro Area",25500,All,59261,2154,341.46775,69357.11771720755
B25119_002,2020,"Harrisonburg, VA Metro Area",25500,Owner occupied (dollars),72129,2895,341.46775,84417.40004091161
B25119_003,2020,"Harrisonburg, VA Metro Area",25500,Renter occupied (dollars),40794,2230,341.46775,47743.950661577845
B25119_001,2020,"Kingsport-Bristol, TN-VA Metro Area",28700,All,46685,1131,341.46775,54638.582552232234
B25119_002,2020,"Kingsport-Bristol, TN-VA Metro Area",28700,Owner occupied (dollars),54745,1206,341.46775,64071.74042673136
B25119_003,2020,"Kingsport-Bristol, TN-VA Metro Area",28700,Renter occupied (dollars),28898,1441,341.46775,33821.265044327025
B25119_001,2020,"Lynchburg, VA Metro Area",31340,All,56983,1786,341.46775,66691.0217323305
B25119_002,2020,"Lynchburg, VA Metro Area",31340,Owner occupied (dollars),67869,2204,341.46775,79431.63669781406
B25119_003,2020,"Lynchburg, VA Metro Area",31340,Renter occupied (dollars),35683,1820,341.46775,41762.20501684273
B25119_001,2020,"Martinsville, VA Micro Area",32300,All,38115,1969,341.46775,44608.53751693974
B25119_002,2020,"Martinsville, VA Micro Area",32300,Owner occupied (dollars),46661,3554,341.46775,54610.49374466549
B25119_003,2020,"Martinsville, VA Micro Area",32300,Renter occupied (dollars),26271,2340,341.46775,30746.7109827502
B25119_001,2020,"Richmond, VA Metro Area",40060,All,71223,851,341.46775,83357.04755526692
B25119_002,2020,"Richmond, VA Metro Area",40060,Owner occupied (dollars),90395,1209,341.46775,105795.32333316981
B25119_003,2020,"Richmond, VA Metro Area",40060,Renter occupied (dollars),43921,888,341.46775,51403.68821412856
B25119_001,2020,"Roanoke, VA Metro Area",40220,All,57642,1191,341.46775,67462.29357343409
B25119_002,2020,"Roanoke, VA Metro Area",40220,Owner occupied (dollars),71015,1153,341.46775,83113.61122302178
B25119_003,2020,"Roanoke, VA Metro Area",40220,Renter occupied (dollars),34870,1778,341.46775,40810.696660519185
B25119_001,2020,"Staunton, VA Metro Area",44420,All,58166,2156,341.46775,68075.56587197473
B25119_002,2020,"Staunton, VA Metro Area",44420,Owner occupied (dollars),69990,2446,341.46775,81913.9850665253
B25119_003,2020,"Staunton, VA Metro Area",44420,Renter occupied (dollars),35677,2797,341.46775,41755.18281495104
B25119_001,2020,"Virginia Beach-Norfolk-Newport News, VA-NC Metro Area",47260,All,68454,753,341.46775,80116.30138225351
B25119_002,2020,"Virginia Beach-Norfolk-Newport News, VA-NC Metro Area",47260,Owner occupied (dollars),87425,945,341.46775,102319.3333967849
B25119_003,2020,"Virginia Beach-Norfolk-Newport News, VA-NC Metro Area",47260,Renter occupied (dollars),45242,633,341.46775,52949.74299728158
B25119_001,2020,"Washington-Arlington-Alexandria, DC-VA-MD-WV Metro Area",47900,All,106415,534,341.46775,124544.6023839733
B25119_002,2020,"Washington-Arlington-Alexandria, DC-VA-MD-WV Metro Area",47900,Owner occupied (dollars),133046,739,341.46775,155712.6454802247
B25119_003,2020,"Washington-Arlington-Alexandria, DC-VA-MD-WV Metro Area",47900,Renter occupied (dollars),68259,702,341.46775,79888.0798207737
B25119_001,2020,"Winchester, VA-WV Metro Area",49020,All,69417,2136,341.46775,81243.36478586923
B25119_002,2020,"Winchester, VA-WV Metro Area",49020,Owner occupied (dollars),81007,2177,341.46775,94807.91810664404
B25119_003,2020,"Winchester, VA-WV Metro Area",49020,Renter occupied (dollars),47888,2584,341.46775,56046.53403151542
B25119_001,2021,"Big Stone Gap, VA Micro Area",13720,All,44131,4541,349.13466666666665,50515.25494836759
B25119_002,2021,"Big Stone Gap, VA Micro Area",13720,Owner occupied (dollars),53166,4271,349.13466666666665,60857.3121974329
B25119_003,2021,"Big Stone Gap, VA Micro Area",13720,Renter occupied (dollars),22611,5036,349.13466666666665,25882.04277350478
B25119_001,2021,"Blacksburg-Christiansburg, VA Metro Area",13980,All,57381,1828,349.13466666666665,65682.0793590057
B25119_002,2021,"Blacksburg-Christiansburg, VA Metro Area",13980,Owner occupied (dollars),74957,2425,349.13466666666665,85800.728856468
B25119_003,2021,"Blacksburg-Christiansburg, VA Metro Area",13980,Renter occupied (dollars),32278,2429,349.13466666666665,36947.5289303077
B25119_001,2021,"Bluefield, WV-VA Micro Area",14140,All,43842,1942,349.13466666666665,50184.44647631669
B25119_002,2021,"Bluefield, WV-VA Micro Area",14140,Owner occupied (dollars),50190,2892,349.13466666666665,57450.78620150391
B25119_003,2021,"Bluefield, WV-VA Micro Area",14140,Renter occupied (dollars),29050,2279,349.13466666666665,33252.54710407828
B25119_001,2021,"Charlottesville, VA Metro Area",16820,All,79660,2262,349.13466666666665,91184.09302274958
B25119_002,2021,"Charlottesville, VA Metro Area",16820,Owner occupied (dollars),99601,3153,349.13466666666665,114009.87759426163
B25119_003,2021,"Charlottesville, VA Metro Area",16820,Renter occupied (dollars),51075,1709,349.13466666666665,58463.815605535216
B25119_001,2021,"Danville, VA Micro Area",19260,All,43931,1678,349.13466666666665,50286.321749716444
B25119_002,2021,"Danville, VA Micro Area",19260,Owner occupied (dollars),54234,2087,349.13466666666665,62079.81547822999
B25119_003,2021,"Danville, VA Micro Area",19260,Renter occupied (dollars),29396,1857,349.13466666666665,33648.601537744755
B25119_001,2021,"Harrisonburg, VA Metro Area",25500,All,61669,2030,349.13466666666665,70590.40713808617
B25119_002,2021,"Harrisonburg, VA Metro Area",25500,Owner occupied (dollars),76017,3396,349.13466666666665,87014.07480931905
B25119_003,2021,"Harrisonburg, VA Metro Area",25500,Renter occupied (dollars),42644,2724,349.13466666666665,48813.136616396354
B25119_001,2021,"Kingsport-Bristol, TN-VA Metro Area",28700,All,49392,1351,349.13466666666665,56537.34273888586
B25119_002,2021,"Kingsport-Bristol, TN-VA Metro Area",28700,Owner occupied (dollars),58624,1280,349.13466666666665,67104.89918862254
B25119_003,2021,"Kingsport-Bristol, TN-VA Metro Area",28700,Renter occupied (dollars),29766,1622,349.13466666666665,34072.127955249365
B25119_001,2021,"Lynchburg, VA Metro Area",31340,All,60217,1316,349.13466666666665,68928.35211587888
B25119_002,2021,"Lynchburg, VA Metro Area",31340,Owner occupied (dollars),72631,1731,349.13466666666665,83138.23575615523
B25119_003,2021,"Lynchburg, VA Metro Area",31340,Renter occupied (dollars),37395,1835,349.13466666666665,42804.78481779715
B25119_001,2021,"Martinsville, VA Micro Area",32300,All,40299,1887,349.13466666666665,46128.894862211724
B25119_002,2021,"Martinsville, VA Micro Area",32300,Owner occupied (dollars),49031,3473,349.13466666666665,56124.11831532055
B25119_003,2021,"Martinsville, VA Micro Area",32300,Renter occupied (dollars),28340,2411,349.13466666666665,32439.834248866726
B25119_001,2021,"Richmond, VA Metro Area",40060,All,74592,897,349.13466666666665,85382.92576892966
B25119_002,2021,"Richmond, VA Metro Area",40060,Owner occupied (dollars),94482,1190,349.13466666666665,108150.33237478568
B25119_003,2021,"Richmond, VA Metro Area",40060,Renter occupied (dollars),46178,1039,349.13466666666665,52858.38623656202
B25119_001,2021,"Roanoke, VA Metro Area",40220,All,60907,1400,349.13466666666665,69718.17165122532
B25119_002,2021,"Roanoke, VA Metro Area",40220,Owner occupied (dollars),75108,1599,349.13466666666665,85973.57342144962
B25119_003,2021,"Roanoke, VA Metro Area",40220,Renter occupied (dollars),36809,2258,349.13466666666665,42134.010545749305
B25119_001,2021,"Staunton, VA Metro Area",44420,All,61397,2103,349.13466666666665,70279.05798792062
B25119_002,2021,"Staunton, VA Metro Area",44420,Owner occupied (dollars),74153,2731,349.13466666666665,84880.41739789041
B25119_003,2021,"Staunton, VA Metro Area",44420,Renter occupied (dollars),35485,2142,349.13466666666665,40618.47277067875
B25119_001,2021,"Virginia Beach-Norfolk-Newport News, VA-NC Metro Area",47260,All,71612,811,349.13466666666665,81971.82110902766
B25119_002,2021,"Virginia Beach-Norfolk-Newport News, VA-NC Metro Area",47260,Owner occupied (dollars),92284,1025,349.13466666666665,105634.35652160963
B25119_003,2021,"Virginia Beach-Norfolk-Newport News, VA-NC Metro Area",47260,Renter occupied (dollars),46827,670,349.13466666666665,53601.27446618497
B25119_001,2021,"Washington-Arlington-Alexandria, DC-VA-MD-WV Metro Area",47900,All,111252,555,349.13466666666665,127346.38108168387
B25119_002,2021,"Washington-Arlington-Alexandria, DC-VA-MD-WV Metro Area",47900,Owner occupied (dollars),139958,756,349.13466666666665,160205.1630840822
B25119_003,2021,"Washington-Arlington-Alexandria, DC-VA-MD-WV Metro Area",47900,Renter occupied (dollars),71254,714,349.13466666666665,81562.03068344212
B25119_001,2021,"Winchester, VA-WV Metro Area",49020,All,72904,2857,349.13466666666665,83450.72957231404
B25119_002,2021,"Winchester, VA-WV Metro Area",49020,Owner occupied (dollars),86805,2545,349.13466666666665,99362.73154456161
B25119_003,2021,"Winchester, VA-WV Metro Area",49020,Renter occupied (dollars),49890,2703,349.13466666666665,57107.386403527205
B25119_001,2022,"Big Stone Gap, VA Micro Area",13720,All,46680,3001,370.199,50392.66890078039
B25119_002,2022,"Big Stone Gap, VA Micro Area",13720,Owner occupied (dollars),54802,3653,370.199,59160.64783848687
B25119_003,2022,"Big Stone Gap, VA Micro Area",13720,Renter occupied (dollars),26613,5333,370.199,28729.65075956445
B25119_001,2022,"Blacksburg-Christiansburg, VA Metro Area",13980,All,62017,2250,370.199,66949.48901498923
B25119_002,2022,"Blacksburg-Christiansburg, VA Metro Area",13980,Owner occupied (dollars),81342,2944,370.199,87811.49258198969
B25119_003,2022,"Blacksburg-Christiansburg, VA Metro Area",13980,Renter occupied (dollars),33468,2445,370.199,36129.85952809165
B25119_001,2022,"Bluefield, WV-VA Micro Area",14140,All,47294,1818,370.199,51055.503063271375
B25119_002,2022,"Bluefield, WV-VA Micro Area",14140,Owner occupied (dollars),55538,2849,370.199,59955.185205902766
B25119_003,2022,"Bluefield, WV-VA Micro Area",14140,Renter occupied (dollars),32440,3714,370.199,35020.09809642922
B25119_001,2022,"Charlottesville, VA Metro Area",16820,All,86188,2305,370.199,93042.91660712211
B25119_002,2022,"Charlottesville, VA Metro Area",16820,Owner occupied (dollars),106270,3275,370.199,114722.12776533702
B25119_003,2022,"Charlottesville, VA Metro Area",16820,Renter occupied (dollars),55040,2487,370.199,59417.577041537115
B25119_001,2022,"Danville, VA Micro Area",19260,All,46853,2028,370.199,50579.42836350179
B25119_002,2022,"Danville, VA Micro Area",19260,Owner occupied (dollars),56681,3019,370.199,61189.09310122393
B25119_003,2022,"Danville, VA Micro Area",19260,Renter occupied (dollars),33493,2794,370.199,36156.84788975659
B25119_001,2022,"Harrisonburg, VA Metro Area",25500,All,66823,2530,370.199,72137.73166145776
B25119_002,2022,"Harrisonburg, VA Metro Area",25500,Owner occupied (dollars),83939,3055,370.199,90615.04359174389
B25119_003,2022,"Harrisonburg, VA Metro Area",25500,Renter occupied (dollars),45960,2912,370.199,49615.40408483005
B25119_001,2022,"Kingsport-Bristol, TN-VA Metro Area",28700,All,53644,1173,370.199,57910.54692616673
B25119_002,2022,"Kingsport-Bristol, TN-VA Metro Area",28700,Owner occupied (dollars),62897,1637,370.199,67899.4793455952
B25119_003,2022,"Kingsport-Bristol, TN-VA Metro Area",28700,Renter occupied (dollars),33542,1975,370.199,36209.745078619875
B25119_001,2022,"Lynchburg, VA Metro Area",31340,All,64307,1710,370.199,69421.62294349795
B25119_002,2022,"Lynchburg, VA Metro Area",31340,Owner occupied (dollars),76627,1829,370.199,82721.48757198155
B25119_003,2022,"Lynchburg, VA Metro Area",31340,Renter occupied (dollars),40657,1958,370.199,43890.63280846248
B25119_001,2022,"Martinsville, VA Micro Area",32300,All,42458,2121,370.199,45834.87438280492
B25119_002,2022,"Martinsville, VA Micro Area",32300,Owner occupied (dollars),51889,4407,370.199,56015.96393728778
B25119_003,2022,"Martinsville, VA Micro Area",32300,Renter occupied (dollars),29804,2437,370.199,32174.445242477694
B25119_001,2022,"Richmond, VA Metro Area",40060,All,80877,777,370.199,87309.50905502176
B25119_002,2022,"Richmond, VA Metro Area",40060,Owner occupied (dollars),102435,1235,370.199,110582.11308593486
B25119_003,2022,"Richmond, VA Metro Area",40060,Renter occupied (dollars),49930,1118,370.199,53901.155917222895
B25119_001,2022,"Roanoke, VA Metro Area",40220,All,65687,1366,370.199,70911.38050740278
B25119_002,2022,"Roanoke, VA Metro Area",40220,Owner occupied (dollars),81160,1663,370.199,87615.0173090689
B25119_003,2022,"Roanoke, VA Metro Area",40220,Renter occupied (dollars),40870,2345,370.199,44120.573649847785
B25119_001,2022,"Staunton, VA Metro Area",44420,All,67711,3039,370.199,73096.3582677965
B25119_002,2022,"Staunton, VA Metro Area",44420,Owner occupied (dollars),81701,2517,370.199,88199.04545549826
B25119_003,2022,"Staunton, VA Metro Area",44420,Renter occupied (dollars),38905,3102,370.199,41999.288422983314
B25119_001,2022,"Virginia Beach-Norfolk-Newport News, VA-NC Metro Area",47260,All,77082,734,370.199,83212.6757542835
B25119_002,2022,"Virginia Beach-Norfolk-Newport News, VA-NC Metro Area",47260,Owner occupied (dollars),99876,1170,370.199,107819.58438591135
B25119_003,2022,"Virginia Beach-Norfolk-Newport News, VA-NC Metro Area",47260,Renter occupied (dollars),50879,785,370.199,54925.63412602411
B25119_001,2022,"Washington-Arlington-Alexandria, DC-VA-MD-WV Metro Area",47900,All,119803,706,370.199,129331.46770180362
B25119_002,2022,"Washington-Arlington-Alexandria, DC-VA-MD-WV Metro Area",47900,Owner occupied (dollars),151616,803,370.199,163674.6976876761
B25119_003,2022,"Washington-Arlington-Alexandria, DC-VA-MD-WV Metro Area",47900,Renter occupied (dollars),77198,722,370.199,83337.90175240884
B25119_001,2022,"Winchester, VA-WV Metro Area",49020,All,79416,2773,370.199,85732.30919932252
B25119_002,2022,"Winchester, VA-WV Metro Area",49020,Owner occupied (dollars),94604,4691,370.199,102128.27867800831
B25119_003,2022,"Winchester, VA-WV Metro Area",49020,Renter occupied (dollars),55557,2537,370.199,59975.696360768125
B25119_001,2023,"Blacksburg-Christiansburg-Radford, VA Metro Area",13980,All,64627,2441,399.64258333333333,64626.99946096001
B25119_002,2023,"Blacksburg-Christiansburg-Radford, VA Metro Area",13980,Owner occupied (dollars),82548,3280,399.64258333333333,82547.99931148479
B25119_003,2023,"Blacksburg-Christiansburg-Radford, VA Metro Area",13980,Renter occupied (dollars),36007,2226,399.64258333333333,36006.99969967331
B25119_001,2023,"Bluefield, WV-VA Micro Area",14140,All,46906,2433,399.64258333333333,46905.99960876708
B25119_002,2023,"Bluefield, WV-VA Micro Area",14140,Owner occupied (dollars),56845,3598,399.64258333333333,56844.99952586801
B25119_003,2023,"Bluefield, WV-VA Micro Area",14140,Renter occupied (dollars),31557,2392,399.64258333333333,31556.99973678981
B25119_001,2023,"Charlottesville, VA Metro Area",16820,All,90552,2421,399.64258333333333,90551.99924472513
B25119_002,2023,"Charlottesville, VA Metro Area",16820,Owner occupied (dollars),111774,3631,399.64258333333333,111773.99906771697
B25119_003,2023,"Charlottesville, VA Metro Area",16820,Renter occupied (dollars),57155,2484,399.64258333333333,57154.999523282364
B25119_001,2023,"Danville, VA Micro Area",19260,All,48994,2039,399.64258333333333,48993.99959135152
B25119_002,2023,"Danville, VA Micro Area",19260,Owner occupied (dollars),60291,3245,399.64258333333333,60290.99949712566
B25119_003,2023,"Danville, VA Micro Area",19260,Renter occupied (dollars),33999,3221,399.64258333333333,33998.99971642161
B25119_001,2023,"Harrisonburg, VA Metro Area",25500,All,72145,2312,399.64258333333333,72144.99939825397
B25119_002,2023,"Harrisonburg, VA Metro Area",25500,Owner occupied (dollars),90755,2931,399.64258333333333,90754.99924303195
B25119_003,2023,"Harrisonburg, VA Metro Area",25500,Renter occupied (dollars),48879,2785,399.64258333333333,48878.99959231071
B25119_001,2023,"Kingsport-Bristol, TN-VA Metro Area",28700,All,55948,1153,399.64258333333333,55947.99953334969
B25119_002,2023,"Kingsport-Bristol, TN-VA Metro Area",28700,Owner occupied (dollars),65718,1517,399.64258333333333,65717.99945186022
B25119_003,2023,"Kingsport-Bristol, TN-VA Metro Area",28700,Renter occupied (dollars),34989,1569,399.64258333333333,34988.999708164236
B25119_001,2023,"Lake of the Woods, VA Micro Area",29470,All,94175,7330,399.64258333333333,94174.99921450646
B25119_002,2023,"Lake of the Woods, VA Micro Area",29470,Owner occupied (dollars),110386,7131,399.64258333333333,110385.99907929398
B25119_003,2023,"Lake of the Woods, VA Micro Area",29470,Renter occupied (dollars),54126,5242,399.64258333333333,54125.999548546606
B25119_001,2023,"Lynchburg, VA Metro Area",31340,All,67782,1485,399.64258333333333,67781.99943464484
B25119_002,2023,"Lynchburg, VA Metro Area",31340,Owner occupied (dollars),79632,2082,399.64258333333333,79631.99933580651
B25119_003,2023,"Lynchburg, VA Metro Area",31340,Renter occupied (dollars),42839,1973,399.64258333333333,42838.99964268906
B25119_001,2023,"Martinsville, VA Micro Area",32300,All,47021,2666,399.64258333333333,47020.99960780789
B25119_002,2023,"Martinsville, VA Micro Area",32300,Owner occupied (dollars),55993,4380,399.64258333333333,55992.99953297436
B25119_003,2023,"Martinsville, VA Micro Area",32300,Renter occupied (dollars),33258,3710,399.64258333333333,33257.99972260214
B25119_001,2023,"Richmond, VA Metro Area",40060,All,84405,914,399.64258333333333,84404.99929599595
B25119_002,2023,"Richmond, VA Metro Area",40060,Owner occupied (dollars),106620,1190,399.64258333333333,106619.99911070538
B25119_003,2023,"Richmond, VA Metro Area",40060,Renter occupied (dollars),51963,1195,399.64258333333333,51962.99956658773
B25119_001,2023,"Roanoke, VA Metro Area",40220,All,67447,1499,399.64258333333333,67446.999437439
B25119_002,2023,"Roanoke, VA Metro Area",40220,Owner occupied (dollars),82944,1841,399.64258333333333,82943.99930818182
B25119_003,2023,"Roanoke, VA Metro Area",40220,Renter occupied (dollars),43243,2086,399.64258333333333,43242.99963931939
B25119_001,2023,"Staunton-Stuarts Draft, VA Metro Area",44420,All,70949,2922,399.64258333333333,70948.99940822956
B25119_002,2023,"Staunton-Stuarts Draft, VA Metro Area",44420,Owner occupied (dollars),85981,3263,399.64258333333333,85980.99928285087
B25119_003,2023,"Staunton-Stuarts Draft, VA Metro Area",44420,Renter occupied (dollars),42229,3538,399.64258333333333,42228.99964777694
B25119_001,2023,"Virginia Beach-Chesapeake-Norfolk, VA-NC Metro Area",47260,All,80533,761,399.64258333333333,80532.99932829147
B25119_002,2023,"Virginia Beach-Chesapeake-Norfolk, VA-NC Metro Area",47260,Owner occupied (dollars),103465,993,399.64258333333333,103464.99913702055
B25119_003,2023,"Virginia Beach-Chesapeake-Norfolk, VA-NC Metro Area",47260,Renter occupied (dollars),52829,1026,399.64258333333333,52828.99955936461
B25119_001,2023,"Washington-Arlington-Alexandria, DC-VA-MD-WV Metro Area",47900,All,123896,689,399.64258333333333,123895.99896660996
B25119_002,2023,"Washington-Arlington-Alexandria, DC-VA-MD-WV Metro Area",47900,Owner occupied (dollars),158013,843,399.64258333333333,158012.99868204736
B25119_003,2023,"Washington-Arlington-Alexandria, DC-VA-MD-WV Metro Area",47900,Renter occupied (dollars),80394,803,399.64258333333333,80393.99932945083
B25119_001,2023,"Winchester, VA-WV Metro Area",49020,All,82413,2756,399.64258333333333,82412.99931261079
B25119_002,2023,"Winchester, VA-WV Metro Area",49020,Owner occupied (dollars),98073,4005,399.64258333333333,98072.99918199408
B25119_003,2023,"Winchester, VA-WV Metro Area",49020,Renter occupied (dollars),56710,3573,399.64258333333333,56709.99952699402
