variable,year,state,fips,medgrossrent,estimate,moe,cpi,dollars21
B25064_001,2010,Alabama,01,Median gross rent,644,4,249.38308333333333,901.5947922155907
B25064_001,2010,Alaska,02,Median gross rent,972,9,249.38308333333333,1360.7921398036553
B25064_001,2010,Arizona,04,Median gross rent,856,4,249.38308333333333,1198.3930778517788
B25064_001,2010,Arkansas,05,Median gross rent,617,4,249.38308333333333,863.795010554378
B25064_001,2010,California,06,Median gross rent,1147,2,249.38308333333333,1605.7907246448485
B25064_001,2010,Colorado,08,Median gross rent,852,4,249.38308333333333,1192.7931101982658
B25064_001,2010,Connecticut,09,Median gross rent,982,5,249.38308333333333,1374.792058937438
B25064_001,2010,Delaware,10,Median gross rent,938,8,249.38308333333333,1313.192414748795
B25064_001,2010,District of Columbia,11,Median gross rent,1063,13,249.38308333333333,1488.1914039210758
B25064_001,2010,Florida,12,Median gross rent,957,2,249.38308333333333,1339.7922611029817
B25064_001,2010,Georgia,13,Median gross rent,808,3,249.38308333333333,1131.193466009623
B25064_001,2010,Hawaii,15,Median gross rent,1260,18,249.38308333333333,1763.9898108565903
B25064_001,2010,Idaho,16,Median gross rent,689,5,249.38308333333333,964.5944283176117
B25064_001,2010,Illinois,17,Median gross rent,834,3,249.38308333333333,1167.5932557574574
B25064_001,2010,Indiana,18,Median gross rent,683,3,249.38308333333333,956.1944768373422
B25064_001,2010,Iowa,19,Median gross rent,617,3,249.38308333333333,863.795010554378
B25064_001,2010,Kansas,20,Median gross rent,671,4,249.38308333333333,939.3945738768033
B25064_001,2010,Kentucky,21,Median gross rent,601,3,249.38308333333333,841.3951399403261
B25064_001,2010,Louisiana,22,Median gross rent,712,5,249.38308333333333,996.7942423253114
B25064_001,2010,Maine,23,Median gross rent,707,7,249.38308333333333,989.7942827584202
B25064_001,2010,Maryland,24,Median gross rent,1091,6,249.38308333333333,1527.3911774956669
B25064_001,2010,Massachusetts,25,Median gross rent,1006,6,249.38308333333333,1408.3918648585159
B25064_001,2010,Michigan,26,Median gross rent,723,3,249.38308333333333,1012.1941533724721
B25064_001,2010,Minnesota,27,Median gross rent,759,3,249.38308333333333,1062.593862254089
B25064_001,2010,Mississippi,28,Median gross rent,648,5,249.38308333333333,907.1947598691037
B25064_001,2010,Missouri,29,Median gross rent,667,3,249.38308333333333,933.7946062232903
B25064_001,2010,Montana,30,Median gross rent,629,5,249.38308333333333,880.5949135149169
B25064_001,2010,Nebraska,31,Median gross rent,648,5,249.38308333333333,907.1947598691037
B25064_001,2010,Nevada,32,Median gross rent,998,6,249.38308333333333,1397.19192955149
B25064_001,2010,New Hampshire,33,Median gross rent,933,7,249.38308333333333,1306.1924551819038
B25064_001,2010,New Jersey,34,Median gross rent,1092,4,249.38308333333333,1528.791169409045
B25064_001,2010,New Mexico,35,Median gross rent,683,6,249.38308333333333,956.1944768373422
B25064_001,2010,New York,36,Median gross rent,977,3,249.38308333333333,1367.7920993705468
B25064_001,2010,North Carolina,37,Median gross rent,718,3,249.38308333333333,1005.1941938055809
B25064_001,2010,North Dakota,38,Median gross rent,555,6,249.38308333333333,776.9955119249267
B25064_001,2010,Ohio,39,Median gross rent,678,2,249.38308333333333,949.194517270451
B25064_001,2010,Oklahoma,40,Median gross rent,633,3,249.38308333333333,886.1948811684299
B25064_001,2010,Oregon,41,Median gross rent,795,4,249.38308333333333,1112.993571135706
B25064_001,2010,Pennsylvania,42,Median gross rent,739,3,249.38308333333333,1034.594023986524
B25064_001,2010,Rhode Island,44,Median gross rent,882,9,249.38308333333333,1234.7928675996134
B25064_001,2010,South Carolina,45,Median gross rent,701,4,249.38308333333333,981.3943312781507
B25064_001,2010,South Dakota,46,Median gross rent,574,7,249.38308333333333,803.5953582791134
B25064_001,2010,Tennessee,47,Median gross rent,678,3,249.38308333333333,949.194517270451
B25064_001,2010,Texas,48,Median gross rent,786,2,249.38308333333333,1100.3936439153017
B25064_001,2010,Utah,49,Median gross rent,781,5,249.38308333333333,1093.3936843484105
B25064_001,2010,Vermont,50,Median gross rent,809,10,249.38308333333333,1132.5934579230013
B25064_001,2010,Virginia,51,Median gross rent,970,4,249.38308333333333,1357.9921559768989
B25064_001,2010,Washington,53,Median gross rent,882,4,249.38308333333333,1234.7928675996134
B25064_001,2010,West Virginia,54,Median gross rent,549,5,249.38308333333333,768.5955604446573
B25064_001,2010,Wisconsin,55,Median gross rent,713,3,249.38308333333333,998.1942342386897
B25064_001,2010,Wyoming,56,Median gross rent,666,10,249.38308333333333,932.3946143099121
B25064_001,2010,Puerto Rico,72,Median gross rent,425,5,249.38308333333333,594.9965631857547
B25064_001,2011,Alabama,01,Median gross rent,674,4,253.63391666666666,927.7801695159723
B25064_001,2011,Alaska,02,Median gross rent,1017,17,253.63391666666666,1399.9294249224686
B25064_001,2011,Arizona,04,Median gross rent,881,4,253.63391666666666,1212.7215568895722
B25064_001,2011,Arkansas,05,Median gross rent,637,4,253.63391666666666,876.848617183493
B25064_001,2011,California,06,Median gross rent,1185,3,253.63391666666666,1631.1862030807524
B25064_001,2011,Colorado,08,Median gross rent,883,4,253.63391666666666,1215.4746137724087
B25064_001,2011,Connecticut,09,Median gross rent,1020,7,253.63391666666666,1404.0590102467236
B25064_001,2011,Delaware,10,Median gross rent,975,10,253.63391666666666,1342.1152303828976
B25064_001,2011,District of Columbia,11,Median gross rent,1135,11,253.63391666666666,1562.3597810098347
B25064_001,2011,Florida,12,Median gross rent,981,2,253.63391666666666,1350.3744010314078
B25064_001,2011,Georgia,13,Median gross rent,835,3,253.63391666666666,1149.4012485843277
B25064_001,2011,Hawaii,15,Median gross rent,1313,13,253.63391666666666,1807.381843582302
B25064_001,2011,Idaho,16,Median gross rent,709,6,253.63391666666666,975.9586649656147
B25064_001,2011,Illinois,17,Median gross rent,860,3,253.63391666666666,1183.8144596197867
B25064_001,2011,Indiana,18,Median gross rent,704,3,253.63391666666666,969.076022758523
B25064_001,2011,Iowa,19,Median gross rent,637,3,253.63391666666666,876.848617183493
B25064_001,2011,Kansas,20,Median gross rent,699,5,253.63391666666666,962.1933805514312
B25064_001,2011,Kentucky,21,Median gross rent,623,3,253.63391666666666,857.5772190036361
B25064_001,2011,Louisiana,22,Median gross rent,745,4,253.63391666666666,1025.5136888566756
B25064_001,2011,Maine,23,Median gross rent,736,7,253.63391666666666,1013.1249328839103
B25064_001,2011,Maryland,24,Median gross rent,1139,4,253.63391666666666,1567.865894775508
B25064_001,2011,Massachusetts,25,Median gross rent,1037,5,253.63391666666666,1427.4599937508358
B25064_001,2011,Michigan,26,Median gross rent,742,3,253.63391666666666,1021.3841035324206
B25064_001,2011,Minnesota,27,Median gross rent,783,4,253.63391666666666,1077.821769630573
B25064_001,2011,Mississippi,28,Median gross rent,680,5,253.63391666666666,936.0393401644824
B25064_001,2011,Missouri,29,Median gross rent,693,3,253.63391666666666,953.9342099029211
B25064_001,2011,Montana,30,Median gross rent,649,7,253.63391666666666,893.3669584805134
B25064_001,2011,Nebraska,31,Median gross rent,672,5,253.63391666666666,925.0271126331356
B25064_001,2011,Nevada,32,Median gross rent,1011,8,253.63391666666666,1391.6702542739583
B25064_001,2011,New Hampshire,33,Median gross rent,956,7,253.63391666666666,1315.9611899959489
B25064_001,2011,New Jersey,34,Median gross rent,1131,4,253.63391666666666,1556.8536672441612
B25064_001,2011,New Mexico,35,Median gross rent,713,5,253.63391666666666,981.4647787312882
B25064_001,2011,New York,36,Median gross rent,1025,3,253.63391666666666,1410.9416524538153
B25064_001,2011,North Carolina,37,Median gross rent,744,3,253.63391666666666,1024.1371604152573
B25064_001,2011,North Dakota,38,Median gross rent,584,7,253.63391666666666,803.8926097883202
B25064_001,2011,Ohio,39,Median gross rent,697,2,253.63391666666666,959.4403236685945
B25064_001,2011,Oklahoma,40,Median gross rent,659,4,253.63391666666666,907.1322428946969
B25064_001,2011,Oregon,41,Median gross rent,830,4,253.63391666666666,1142.518606377236
B25064_001,2011,Pennsylvania,42,Median gross rent,770,2,253.63391666666666,1059.9268998921345
B25064_001,2011,Rhode Island,44,Median gross rent,901,9,253.63391666666666,1240.2521257179392
B25064_001,2011,South Carolina,45,Median gross rent,728,3,253.63391666666666,1002.1127053525636
B25064_001,2011,South Dakota,46,Median gross rent,595,8,253.63391666666666,819.0344226439221
B25064_001,2011,Tennessee,47,Median gross rent,707,4,253.63391666666666,973.2056080827781
B25064_001,2011,Texas,48,Median gross rent,814,2,253.63391666666666,1120.4941513145423
B25064_001,2011,Utah,49,Median gross rent,813,6,253.63391666666666,1119.1176228731238
B25064_001,2011,Vermont,50,Median gross rent,843,10,253.63391666666666,1160.4134761156745
B25064_001,2011,Virginia,51,Median gross rent,1024,6,253.63391666666666,1409.565124012397
B25064_001,2011,Washington,53,Median gross rent,923,4,253.63391666666666,1270.5357514291431
B25064_001,2011,West Virginia,54,Median gross rent,574,5,253.63391666666666,790.1273253741366
B25064_001,2011,Wisconsin,55,Median gross rent,735,3,253.63391666666666,1011.7484044424921
B25064_001,2011,Wyoming,56,Median gross rent,708,12,253.63391666666666,974.5821365241964
B25064_001,2011,Puerto Rico,72,Median gross rent,438,4,253.63391666666666,602.9194573412401
B25064_001,2012,Alabama,01,Median gross rent,691,4,260.36058333333335,926.6064709615863
B25064_001,2012,Alaska,02,Median gross rent,1065,14,260.36058333333335,1428.1271947526618
B25064_001,2012,Arizona,04,Median gross rent,891,4,260.36058333333335,1194.7993713846213
B25064_001,2012,Arkansas,05,Median gross rent,649,4,260.36058333333335,870.2859618727489
B25064_001,2012,California,06,Median gross rent,1209,3,260.36058333333335,1621.2260830572473
B25064_001,2012,Colorado,08,Median gross rent,915,5,260.36058333333335,1226.9825194353855
B25064_001,2012,Connecticut,09,Median gross rent,1044,5,260.36058333333335,1399.9669402082432
B25064_001,2012,Delaware,10,Median gross rent,985,10,260.36058333333335,1320.850034583448
B25064_001,2012,District of Columbia,11,Median gross rent,1200,13,260.36058333333335,1609.1574025382106
B25064_001,2012,Florida,12,Median gross rent,987,2,260.36058333333335,1323.531963587678
B25064_001,2012,Georgia,13,Median gross rent,849,3,260.36058333333335,1138.478862295784
B25064_001,2012,Hawaii,15,Median gross rent,1354,14,260.36058333333335,1815.6659358639477
B25064_001,2012,Idaho,16,Median gross rent,720,6,260.36058333333335,965.4944415229263
B25064_001,2012,Illinois,17,Median gross rent,877,3,260.36058333333335,1176.025868355009
B25064_001,2012,Indiana,18,Median gross rent,719,3,260.36058333333335,964.1534770208111
B25064_001,2012,Iowa,19,Median gross rent,655,4,260.36058333333335,878.33174888544
B25064_001,2012,Kansas,20,Median gross rent,715,4,260.36058333333335,958.7896190123505
B25064_001,2012,Kentucky,21,Median gross rent,638,4,260.36058333333335,855.535352349482
B25064_001,2012,Louisiana,22,Median gross rent,762,4,260.36058333333335,1021.8149506117637
B25064_001,2012,Maine,23,Median gross rent,750,6,260.36058333333335,1005.7233765863816
B25064_001,2012,Maryland,24,Median gross rent,1172,5,260.36058333333335,1571.6103964789856
B25064_001,2012,Massachusetts,25,Median gross rent,1056,5,260.36058333333335,1416.0585142336254
B25064_001,2012,Michigan,26,Median gross rent,755,3,260.36058333333335,1012.4281990969575
B25064_001,2012,Minnesota,27,Median gross rent,802,4,260.36058333333335,1075.4535306963708
B25064_001,2012,Mississippi,28,Median gross rent,688,5,260.36058333333335,922.5835774552407
B25064_001,2012,Missouri,29,Median gross rent,712,3,260.36058333333335,954.766725506005
B25064_001,2012,Montana,30,Median gross rent,667,7,260.36058333333335,894.4233229108221
B25064_001,2012,Nebraska,31,Median gross rent,687,4,260.36058333333335,921.2426129531256
B25064_001,2012,Nevada,32,Median gross rent,1001,6,260.36058333333335,1342.3054666172907
B25064_001,2012,New Hampshire,33,Median gross rent,972,7,260.36058333333335,1303.4174960559506
B25064_001,2012,New Jersey,34,Median gross rent,1154,3,260.36058333333335,1547.4730354409126
B25064_001,2012,New Mexico,35,Median gross rent,736,5,260.36058333333335,986.9498735567691
B25064_001,2012,New York,36,Median gross rent,1061,3,260.36058333333335,1422.7633367442013
B25064_001,2012,North Carolina,37,Median gross rent,759,3,260.36058333333335,1017.7920571054182
B25064_001,2012,North Dakota,38,Median gross rent,610,7,260.36058333333335,817.988346290257
B25064_001,2012,Ohio,39,Median gross rent,710,3,260.36058333333335,952.0847965017746
B25064_001,2012,Oklahoma,40,Median gross rent,679,3,260.36058333333335,910.5148969362042
B25064_001,2012,Oregon,41,Median gross rent,854,4,260.36058333333335,1145.18368480636
B25064_001,2012,Pennsylvania,42,Median gross rent,794,3,260.36058333333335,1064.7258146794493
B25064_001,2012,Rhode Island,44,Median gross rent,908,8,260.36058333333335,1217.5957679205794
B25064_001,2012,South Carolina,45,Median gross rent,749,4,260.36058333333335,1004.3824120842664
B25064_001,2012,South Dakota,46,Median gross rent,617,6,260.36058333333335,827.3750978050633
B25064_001,2012,Tennessee,47,Median gross rent,726,3,260.36058333333335,973.5402285356174
B25064_001,2012,Texas,48,Median gross rent,834,2,260.36058333333335,1118.3643947640564
B25064_001,2012,Utah,49,Median gross rent,839,5,260.36058333333335,1125.0692172746321
B25064_001,2012,Vermont,50,Median gross rent,864,10,260.36058333333335,1158.5933298275115
B25064_001,2012,Virginia,51,Median gross rent,1060,5,260.36058333333335,1421.422372242086
B25064_001,2012,Washington,53,Median gross rent,951,4,260.36058333333335,1275.257241511532
B25064_001,2012,West Virginia,54,Median gross rent,594,5,260.36058333333335,796.5329142564142
B25064_001,2012,Wisconsin,55,Median gross rent,749,3,260.36058333333335,1004.3824120842664
B25064_001,2012,Wyoming,56,Median gross rent,733,11,260.36058333333335,982.9269800504236
B25064_001,2012,Puerto Rico,72,Median gross rent,449,5,260.36058333333335,602.0930614497138
B25064_001,2013,Alabama,01,Median gross rent,705,3,267.71575,919.4068018037788
B25064_001,2013,Alaska,02,Median gross rent,1098,13,267.71575,1431.9271891922683
B25064_001,2013,Arizona,04,Median gross rent,896,4,267.71575,1168.4943183208309
B25064_001,2013,Arkansas,05,Median gross rent,661,4,267.71575,862.025384386238
B25064_001,2013,California,06,Median gross rent,1224,2,267.71575,1596.246702706135
B25064_001,2013,Colorado,08,Median gross rent,939,4,267.71575,1224.5716126152458
B25064_001,2013,Connecticut,09,Median gross rent,1056,5,267.71575,1377.1540180209793
B25064_001,2013,Delaware,10,Median gross rent,999,11,267.71575,1302.8190000028014
B25064_001,2013,District of Columbia,11,Median gross rent,1242,15,267.71575,1619.7209189224018
B25064_001,2013,Florida,12,Median gross rent,990,3,267.71575,1291.0818918946682
B25064_001,2013,Georgia,13,Median gross rent,860,3,267.71575,1121.5458858882976
B25064_001,2013,Hawaii,15,Median gross rent,1380,13,267.71575,1799.6899099137797
B25064_001,2013,Idaho,16,Median gross rent,728,6,267.71575,949.4016336356751
B25064_001,2013,Illinois,17,Median gross rent,890,2,267.71575,1160.6695795820754
B25064_001,2013,Indiana,18,Median gross rent,730,3,267.71575,952.009879881927
B25064_001,2013,Iowa,19,Median gross rent,670,4,267.71575,873.7624924943714
B25064_001,2013,Kansas,20,Median gross rent,732,4,267.71575,954.6181261281788
B25064_001,2013,Kentucky,21,Median gross rent,655,3,267.71575,854.2006456474825
B25064_001,2013,Louisiana,22,Median gross rent,773,4,267.71575,1008.0871741763418
B25064_001,2013,Maine,23,Median gross rent,764,7,267.71575,996.3500660682085
B25064_001,2013,Maryland,24,Median gross rent,1196,4,267.71575,1559.731255258609
B25064_001,2013,Massachusetts,25,Median gross rent,1069,5,267.71575,1394.1076186216164
B25064_001,2013,Michigan,26,Median gross rent,768,3,267.71575,1001.5665585607122
B25064_001,2013,Minnesota,27,Median gross rent,819,3,267.71575,1068.0768378401344
B25064_001,2013,Mississippi,28,Median gross rent,702,4,267.71575,915.494432434401
B25064_001,2013,Missouri,29,Median gross rent,727,3,267.71575,948.0975105125492
B25064_001,2013,Montana,30,Median gross rent,682,8,267.71575,889.4119699718825
B25064_001,2013,Nebraska,31,Median gross rent,706,5,267.71575,920.7109249269047
B25064_001,2013,Nevada,32,Median gross rent,986,4,267.71575,1285.8653994021645
B25064_001,2013,New Hampshire,33,Median gross rent,987,8,267.71575,1287.1695225252904
B25064_001,2013,New Jersey,34,Median gross rent,1172,3,267.71575,1528.4323003035868
B25064_001,2013,New Mexico,35,Median gross rent,758,6,267.71575,988.5253273294529
B25064_001,2013,New York,36,Median gross rent,1088,3,267.71575,1418.885957961009
B25064_001,2013,North Carolina,37,Median gross rent,776,2,267.71575,1011.9995435457197
B25064_001,2013,North Dakota,38,Median gross rent,645,8,267.71575,841.1594144162232
B25064_001,2013,Ohio,39,Median gross rent,718,2,267.71575,936.3604024044158
B25064_001,2013,Oklahoma,40,Median gross rent,699,4,267.71575,911.5820630650232
B25064_001,2013,Oregon,41,Median gross rent,875,4,267.71575,1141.1077327351863
B25064_001,2013,Pennsylvania,42,Median gross rent,813,3,267.71575,1060.252099101379
B25064_001,2013,Rhode Island,44,Median gross rent,918,8,267.71575,1197.1850270296013
B25064_001,2013,South Carolina,45,Median gross rent,768,4,267.71575,1001.5665585607122
B25064_001,2013,South Dakota,46,Median gross rent,632,6,267.71575,824.2058138155861
B25064_001,2013,Tennessee,47,Median gross rent,742,3,267.71575,967.6593573594381
B25064_001,2013,Texas,48,Median gross rent,851,2,267.71575,1109.8087777801643
B25064_001,2013,Utah,49,Median gross rent,856,6,267.71575,1116.3293933957939
B25064_001,2013,Vermont,50,Median gross rent,875,8,267.71575,1141.1077327351863
B25064_001,2013,Virginia,51,Median gross rent,1087,4,267.71575,1417.581834837883
B25064_001,2013,Washington,53,Median gross rent,973,4,267.71575,1268.9117988015273
B25064_001,2013,West Virginia,54,Median gross rent,611,6,267.71575,796.8192282299416
B25064_001,2013,Wisconsin,55,Median gross rent,759,3,267.71575,989.8294504525788
B25064_001,2013,Wyoming,56,Median gross rent,764,12,267.71575,996.3500660682085
B25064_001,2013,Puerto Rico,72,Median gross rent,454,5,267.71575,592.0718978991711
B25064_001,2014,Alabama,01,Median gross rent,715,4,276.15633333333335,903.9482147189575
B25064_001,2014,Alaska,02,Median gross rent,1131,11,276.15633333333335,1429.8817214645328
B25064_001,2014,Arizona,04,Median gross rent,905,5,276.15633333333335,1144.1582298191001
B25064_001,2014,Arkansas,05,Median gross rent,675,4,276.15633333333335,853.3776852241907
B25064_001,2014,California,06,Median gross rent,1243,2,276.15633333333335,1571.47920404988
B25064_001,2014,Colorado,08,Median gross rent,969,5,276.15633333333335,1225.071077010727
B25064_001,2014,Connecticut,09,Median gross rent,1069,5,276.15633333333335,1351.4974007476442
B25064_001,2014,Delaware,10,Median gross rent,1012,12,276.15633333333335,1279.4343962176015
B25064_001,2014,District of Columbia,11,Median gross rent,1302,16,276.15633333333335,1646.070735054661
B25064_001,2014,Florida,12,Median gross rent,998,3,276.15633333333335,1261.734710894433
B25064_001,2014,Georgia,13,Median gross rent,874,3,276.15633333333335,1104.9660694606557
B25064_001,2014,Hawaii,15,Median gross rent,1417,13,276.15633333333335,1791.4610073521158
B25064_001,2014,Idaho,16,Median gross rent,738,6,276.15633333333335,933.0262691784485
B25064_001,2014,Illinois,17,Median gross rent,903,2,276.15633333333335,1141.6297033443618
B25064_001,2014,Indiana,18,Median gross rent,741,3,276.15633333333335,936.819058890556
B25064_001,2014,Iowa,19,Median gross rent,689,4,276.15633333333335,871.077370547359
B25064_001,2014,Kansas,20,Median gross rent,748,4,276.15633333333335,945.6689015521401
B25064_001,2014,Kentucky,21,Median gross rent,667,4,276.15633333333335,843.2635793252373
B25064_001,2014,Louisiana,22,Median gross rent,786,4,276.15633333333335,993.7109045721687
B25064_001,2014,Maine,23,Median gross rent,772,6,276.15633333333335,976.0112192490003
B25064_001,2014,Maryland,24,Median gross rent,1218,5,276.15633333333335,1539.8726231156506
B25064_001,2014,Massachusetts,25,Median gross rent,1088,4,276.15633333333335,1375.5184022576584
B25064_001,2014,Michigan,26,Median gross rent,780,3,276.15633333333335,986.1253251479536
B25064_001,2014,Minnesota,27,Median gross rent,835,3,276.15633333333335,1055.659803203258
B25064_001,2014,Mississippi,28,Median gross rent,714,4,276.15633333333335,902.6839514815883
B25064_001,2014,Missouri,29,Median gross rent,740,3,276.15633333333335,935.5547956531868
B25064_001,2014,Montana,30,Median gross rent,696,8,276.15633333333335,879.9272132089433
B25064_001,2014,Nebraska,31,Median gross rent,721,5,276.15633333333335,911.5337941431725
B25064_001,2014,Nevada,32,Median gross rent,980,4,276.15633333333335,1238.977972621788
B25064_001,2014,New Hampshire,33,Median gross rent,1001,9,276.15633333333335,1265.5275006065406
B25064_001,2014,New Jersey,34,Median gross rent,1188,3,276.15633333333335,1501.9447259945755
B25064_001,2014,New Mexico,35,Median gross rent,774,7,276.15633333333335,978.5397457237386
B25064_001,2014,New York,36,Median gross rent,1117,3,276.15633333333335,1412.1820361413643
B25064_001,2014,North Carolina,37,Median gross rent,790,2,276.15633333333335,998.7679575216454
B25064_001,2014,North Dakota,38,Median gross rent,676,7,276.15633333333335,854.6419484615599
B25064_001,2014,Ohio,39,Median gross rent,729,3,276.15633333333335,921.6479000421259
B25064_001,2014,Oklahoma,40,Median gross rent,717,3,276.15633333333335,906.4767411936958
B25064_001,2014,Oregon,41,Median gross rent,894,4,276.15633333333335,1130.2513342080392
B25064_001,2014,Pennsylvania,42,Median gross rent,832,2,276.15633333333335,1051.8670134911506
B25064_001,2014,Rhode Island,44,Median gross rent,923,7,276.15633333333335,1166.914968091745
B25064_001,2014,South Carolina,45,Median gross rent,784,4,276.15633333333335,991.1823780974304
B25064_001,2014,South Dakota,46,Median gross rent,648,6,276.15633333333335,819.2425778152231
B25064_001,2014,Tennessee,47,Median gross rent,757,3,276.15633333333335,957.0472706884627
B25064_001,2014,Texas,48,Median gross rent,870,3,276.15633333333335,1099.909016511179
B25064_001,2014,Utah,49,Median gross rent,875,5,276.15633333333335,1106.230332698025
B25064_001,2014,Vermont,50,Median gross rent,889,9,276.15633333333335,1123.9300180211933
B25064_001,2014,Virginia,51,Median gross rent,1108,5,276.15633333333335,1400.803667005042
B25064_001,2014,Washington,53,Median gross rent,995,4,276.15633333333335,1257.9419211823256
B25064_001,2014,West Virginia,54,Median gross rent,630,5,276.15633333333335,796.485839542578
B25064_001,2014,Wisconsin,55,Median gross rent,772,3,276.15633333333335,976.0112192490003
B25064_001,2014,Wyoming,56,Median gross rent,778,13,276.15633333333335,983.5967986732153
B25064_001,2014,Puerto Rico,72,Median gross rent,462,4,276.15633333333335,584.0896156645572
B25064_001,2015,Alabama,01,Median gross rent,717,3,286.027,875.1946253325737
B25064_001,2015,Alaska,02,Median gross rent,1146,10,286.027,1398.8466396529
B25064_001,2015,Arizona,04,Median gross rent,913,5,286.027,1114.438902271464
B25064_001,2015,Arkansas,05,Median gross rent,677,4,286.027,826.3692626919837
B25064_001,2015,California,06,Median gross rent,1255,2,286.027,1531.8957528485075
B25064_001,2015,Colorado,08,Median gross rent,1002,5,286.027,1223.0753341467764
B25064_001,2015,Connecticut,09,Median gross rent,1075,6,286.027,1312.181620965853
B25064_001,2015,Delaware,10,Median gross rent,1018,11,286.027,1242.6054792030125
B25064_001,2015,District of Columbia,11,Median gross rent,1327,17,286.027,1619.7814056015693
B25064_001,2015,Florida,12,Median gross rent,1002,3,286.027,1223.0753341467764
B25064_001,2015,Georgia,13,Median gross rent,879,3,286.027,1072.9373440269626
B25064_001,2015,Hawaii,15,Median gross rent,1438,16,286.027,1755.2717869292062
B25064_001,2015,Idaho,16,Median gross rent,743,6,286.027,906.9311110489571
B25064_001,2015,Illinois,17,Median gross rent,907,3,286.027,1107.1150978753756
B25064_001,2015,Indiana,18,Median gross rent,745,3,286.027,909.3723791809865
B25064_001,2015,Iowa,19,Median gross rent,697,4,286.027,850.7819440122787
B25064_001,2015,Kansas,20,Median gross rent,757,5,286.027,924.0199879731634
B25064_001,2015,Kentucky,21,Median gross rent,675,3,286.027,823.9279945599542
B25064_001,2015,Louisiana,22,Median gross rent,788,4,286.027,961.8596440196206
B25064_001,2015,Maine,23,Median gross rent,777,6,286.027,948.4326692934584
B25064_001,2015,Maryland,24,Median gross rent,1230,5,286.027,1501.379901198139
B25064_001,2015,Massachusetts,25,Median gross rent,1102,4,286.027,1345.1387407482512
B25064_001,2015,Michigan,26,Median gross rent,783,3,286.027,955.7564736895469
B25064_001,2015,Minnesota,27,Median gross rent,848,4,286.027,1035.0976879805055
B25064_001,2015,Mississippi,28,Median gross rent,717,6,286.027,875.1946253325737
B25064_001,2015,Missouri,29,Median gross rent,746,3,286.027,910.5930132470013
B25064_001,2015,Montana,30,Median gross rent,711,6,286.027,867.8708209364851
B25064_001,2015,Nebraska,31,Median gross rent,726,4,286.027,886.1803319267063
B25064_001,2015,Nevada,32,Median gross rent,973,5,286.027,1187.6769462323489
B25064_001,2015,New Hampshire,33,Median gross rent,1000,9,286.027,1220.634066014747
B25064_001,2015,New Jersey,34,Median gross rent,1192,3,286.027,1454.9958066895783
B25064_001,2015,New Mexico,35,Median gross rent,777,6,286.027,948.4326692934584
B25064_001,2015,New York,36,Median gross rent,1132,3,286.027,1381.7577627286937
B25064_001,2015,North Carolina,37,Median gross rent,797,2,286.027,972.8453506137533
B25064_001,2015,North Dakota,38,Median gross rent,709,8,286.027,865.4295528044556
B25064_001,2015,Ohio,39,Median gross rent,730,3,286.027,891.0628681907654
B25064_001,2015,Oklahoma,40,Median gross rent,727,3,286.027,887.400965992721
B25064_001,2015,Oregon,41,Median gross rent,907,4,286.027,1107.1150978753756
B25064_001,2015,Pennsylvania,42,Median gross rent,840,3,286.027,1025.3326154523875
B25064_001,2015,Rhode Island,44,Median gross rent,925,7,286.027,1129.086511063641
B25064_001,2015,South Carolina,45,Median gross rent,790,4,286.027,964.3009121516501
B25064_001,2015,South Dakota,46,Median gross rent,655,7,286.027,799.5153132396592
B25064_001,2015,Tennessee,47,Median gross rent,764,3,286.027,932.5644264352667
B25064_001,2015,Texas,48,Median gross rent,882,2,286.027,1076.599246225007
B25064_001,2015,Utah,49,Median gross rent,887,6,286.027,1082.7024165550806
B25064_001,2015,Vermont,50,Median gross rent,895,9,286.027,1092.4674890831986
B25064_001,2015,Virginia,51,Median gross rent,1116,4,286.027,1362.2276176724577
B25064_001,2015,Washington,53,Median gross rent,1014,5,286.027,1237.7229429389536
B25064_001,2015,West Virginia,54,Median gross rent,643,6,286.027,784.8677044474823
B25064_001,2015,Wisconsin,55,Median gross rent,776,3,286.027,947.2120352274437
B25064_001,2015,Wyoming,56,Median gross rent,789,11,286.027,963.0802780856354
B25064_001,2015,Puerto Rico,72,Median gross rent,456,4,286.027,556.6091341027246
B25064_001,2016,Alabama,01,Median gross rent,728,4,296.81891666666667,856.3125735191518
B25064_001,2016,Alaska,02,Median gross rent,1173,11,296.81891666666667,1379.7453966180838
B25064_001,2016,Arizona,04,Median gross rent,937,4,296.81891666666667,1102.1495623453918
B25064_001,2016,Arkansas,05,Median gross rent,689,4,296.81891666666667,810.4386856520543
B25064_001,2016,California,06,Median gross rent,1297,2,296.81891666666667,1525.6008349647525
B25064_001,2016,Colorado,08,Median gross rent,1057,4,296.81891666666667,1243.2999865518454
B25064_001,2016,Connecticut,09,Median gross rent,1094,5,296.81891666666667,1286.8213673488353
B25064_001,2016,Delaware,10,Median gross rent,1039,10,296.81891666666667,1222.1274229208773
B25064_001,2016,District of Columbia,11,Median gross rent,1362,15,296.81891666666667,1602.0573147432483
B25064_001,2016,Florida,12,Median gross rent,1032,3,296.81891666666667,1213.8936481755009
B25064_001,2016,Georgia,13,Median gross rent,897,3,296.81891666666667,1055.0994209432406
B25064_001,2016,Hawaii,15,Median gross rent,1456,14,296.81891666666667,1712.6251470383036
B25064_001,2016,Idaho,16,Median gross rent,764,8,296.81891666666667,898.6577007810879
B25064_001,2016,Illinois,17,Median gross rent,925,3,296.81891666666667,1088.0345199247465
B25064_001,2016,Indiana,18,Median gross rent,758,3,296.81891666666667,891.6001795707652
B25064_001,2016,Iowa,19,Median gross rent,715,4,296.81891666666667,841.0212775634527
B25064_001,2016,Kansas,20,Median gross rent,775,4,296.81891666666667,911.5964896666794
B25064_001,2016,Kentucky,21,Median gross rent,690,3,296.81891666666667,811.6149391871081
B25064_001,2016,Louisiana,22,Median gross rent,800,4,296.81891666666667,941.002828043024
B25064_001,2016,Maine,23,Median gross rent,790,6,296.81891666666667,929.2402926924862
B25064_001,2016,Maryland,24,Median gross rent,1264,5,296.81891666666667,1486.784468307978
B25064_001,2016,Massachusetts,25,Median gross rent,1129,4,296.81891666666667,1327.9902410757174
B25064_001,2016,Michigan,26,Median gross rent,799,3,296.81891666666667,939.8265745079701
B25064_001,2016,Minnesota,27,Median gross rent,873,4,296.81891666666667,1026.8693361019498
B25064_001,2016,Mississippi,28,Median gross rent,723,5,296.81891666666667,850.4313058438829
B25064_001,2016,Missouri,29,Median gross rent,759,4,296.81891666666667,892.776433105819
B25064_001,2016,Montana,30,Median gross rent,732,6,296.81891666666667,861.0175876593669
B25064_001,2016,Nebraska,31,Median gross rent,745,5,296.81891666666667,876.3088836150661
B25064_001,2016,Nevada,32,Median gross rent,984,4,296.81891666666667,1157.4334784929194
B25064_001,2016,New Hampshire,33,Median gross rent,1021,10,296.81891666666667,1200.9548592899093
B25064_001,2016,New Jersey,34,Median gross rent,1213,4,296.81891666666667,1426.795538020235
B25064_001,2016,New Mexico,35,Median gross rent,792,6,296.81891666666667,931.5927997625937
B25064_001,2016,New York,36,Median gross rent,1159,3,296.81891666666667,1363.277847127331
B25064_001,2016,North Carolina,37,Median gross rent,816,3,296.81891666666667,959.8228846038844
B25064_001,2016,North Dakota,38,Median gross rent,736,7,296.81891666666667,865.722601799582
B25064_001,2016,Ohio,39,Median gross rent,743,2,296.81891666666667,873.9563765449585
B25064_001,2016,Oklahoma,40,Median gross rent,742,3,296.81891666666667,872.7801230099047
B25064_001,2016,Oregon,41,Median gross rent,941,4,296.81891666666667,1106.854576485607
B25064_001,2016,Pennsylvania,42,Median gross rent,859,2,296.81891666666667,1010.4017866111969
B25064_001,2016,Rhode Island,44,Median gross rent,938,7,296.81891666666667,1103.3258158804456
B25064_001,2016,South Carolina,45,Median gross rent,811,4,296.81891666666667,953.9416169286155
B25064_001,2016,South Dakota,46,Median gross rent,676,7,296.81891666666667,795.1473896963553
B25064_001,2016,Tennessee,47,Median gross rent,782,3,296.81891666666667,919.830264412056
B25064_001,2016,Texas,48,Median gross rent,911,2,296.81891666666667,1071.5669704339934
B25064_001,2016,Utah,49,Median gross rent,912,6,296.81891666666667,1072.7432239690472
B25064_001,2016,Vermont,50,Median gross rent,913,12,296.81891666666667,1073.919477504101
B25064_001,2016,Virginia,51,Median gross rent,1135,4,296.81891666666667,1335.0477622860403
B25064_001,2016,Washington,53,Median gross rent,1056,4,296.81891666666667,1242.1237330167917
B25064_001,2016,West Virginia,54,Median gross rent,658,6,296.81891666666667,773.9748260653872
B25064_001,2016,Wisconsin,55,Median gross rent,789,2,296.81891666666667,928.0640391574324
B25064_001,2016,Wyoming,56,Median gross rent,802,12,296.81891666666667,943.3553351131316
B25064_001,2016,Puerto Rico,72,Median gross rent,460,5,296.81891666666667,541.0766261247388
B25064_001,2017,Alabama,01,Median gross rent,747,3,308.144,846.3683281193208
B25064_001,2017,Alaska,02,Median gross rent,1200,13,308.144,1359.6278363362585
B25064_001,2017,Arizona,04,Median gross rent,972,4,308.144,1101.2985474323693
B25064_001,2017,Arkansas,05,Median gross rent,709,5,308.144,803.3134466353393
B25064_001,2017,California,06,Median gross rent,1358,3,308.144,1538.6455014538658
B25064_001,2017,Colorado,08,Median gross rent,1125,5,308.144,1274.6510965652424
B25064_001,2017,Connecticut,09,Median gross rent,1123,5,308.144,1272.3850501713484
B25064_001,2017,Delaware,10,Median gross rent,1076,10,308.144,1219.132959914845
B25064_001,2017,District of Columbia,11,Median gross rent,1424,17,308.144,1613.42503245236
B25064_001,2017,Florida,12,Median gross rent,1077,3,308.144,1220.265983111792
B25064_001,2017,Georgia,13,Median gross rent,927,3,308.144,1050.3125035697597
B25064_001,2017,Hawaii,15,Median gross rent,1507,18,308.144,1707.4659577989512
B25064_001,2017,Idaho,16,Median gross rent,792,7,308.144,897.3543719819305
B25064_001,2017,Illinois,17,Median gross rent,952,3,308.144,1078.6380834934316
B25064_001,2017,Indiana,18,Median gross rent,782,3,308.144,886.0241400124618
B25064_001,2017,Iowa,19,Median gross rent,740,4,308.144,838.4371657406926
B25064_001,2017,Kansas,20,Median gross rent,801,5,308.144,907.5515807544525
B25064_001,2017,Kentucky,21,Median gross rent,713,4,308.144,807.8455394231269
B25064_001,2017,Louisiana,22,Median gross rent,825,4,308.144,934.7441374811776
B25064_001,2017,Maine,23,Median gross rent,808,7,308.144,915.4827431330807
B25064_001,2017,Maryland,24,Median gross rent,1311,5,308.144,1485.3934111973624
B25064_001,2017,Massachusetts,25,Median gross rent,1173,5,308.144,1329.0362100186926
B25064_001,2017,Michigan,26,Median gross rent,824,3,308.144,933.6111142842308
B25064_001,2017,Minnesota,27,Median gross rent,906,4,308.144,1026.519016433875
B25064_001,2017,Mississippi,28,Median gross rent,740,5,308.144,838.4371657406926
B25064_001,2017,Missouri,29,Median gross rent,784,4,308.144,888.2901864063555
B25064_001,2017,Montana,30,Median gross rent,751,9,308.144,850.9004209071084
B25064_001,2017,Nebraska,31,Median gross rent,773,4,308.144,875.8269312399398
B25064_001,2017,Nevada,32,Median gross rent,1017,6,308.144,1152.284591294979
B25064_001,2017,New Hampshire,33,Median gross rent,1052,9,308.144,1191.94040318812
B25064_001,2017,New Jersey,34,Median gross rent,1249,4,308.144,1415.1459729866556
B25064_001,2017,New Mexico,35,Median gross rent,809,6,308.144,916.6157663300276
B25064_001,2017,New York,36,Median gross rent,1194,3,308.144,1352.8296971545772
B25064_001,2017,North Carolina,37,Median gross rent,844,3,308.144,956.2715782231684
B25064_001,2017,North Dakota,38,Median gross rent,775,9,308.144,878.0929776338336
B25064_001,2017,Ohio,39,Median gross rent,764,2,308.144,865.6297224674179
B25064_001,2017,Oklahoma,40,Median gross rent,766,3,308.144,867.8957688613116
B25064_001,2017,Oregon,41,Median gross rent,988,4,308.144,1119.4269185835194
B25064_001,2017,Pennsylvania,42,Median gross rent,885,3,308.144,1002.7255292979906
B25064_001,2017,Rhode Island,44,Median gross rent,957,6,308.144,1084.303199478166
B25064_001,2017,South Carolina,45,Median gross rent,836,4,308.144,947.2073926475933
B25064_001,2017,South Dakota,46,Median gross rent,696,7,308.144,788.5841450750299
B25064_001,2017,Tennessee,47,Median gross rent,808,4,308.144,915.4827431330807
B25064_001,2017,Texas,48,Median gross rent,952,2,308.144,1078.6380834934316
B25064_001,2017,Utah,49,Median gross rent,948,6,308.144,1074.1059907056442
B25064_001,2017,Vermont,50,Median gross rent,945,11,308.144,1070.7069211148034
B25064_001,2017,Virginia,51,Median gross rent,1166,5,308.144,1321.1050476400644
B25064_001,2017,Washington,53,Median gross rent,1120,4,308.144,1268.9859805805079
B25064_001,2017,West Virginia,54,Median gross rent,681,6,308.144,771.5887971208267
B25064_001,2017,Wisconsin,55,Median gross rent,813,3,308.144,921.1478591178151
B25064_001,2017,Wyoming,56,Median gross rent,828,11,308.144,938.1432070720183
B25064_001,2017,Puerto Rico,72,Median gross rent,464,6,308.144,525.7227633833533
B25064_001,2018,Alabama,01,Median gross rent,772,4,319.28866666666664,844.1630027582146
B25064_001,2018,Alaska,02,Median gross rent,1231,13,319.28866666666664,1346.0682077660133
B25064_001,2018,Arizona,04,Median gross rent,1009,4,319.28866666666664,1103.316670703418
B25064_001,2018,Arkansas,05,Median gross rent,729,4,319.28866666666664,797.1435608947389
B25064_001,2018,California,06,Median gross rent,1429,2,319.28866666666664,1562.5763354164362
B25064_001,2018,Colorado,08,Median gross rent,1196,5,319.28866666666664,1307.7965690399283
B25064_001,2018,Connecticut,09,Median gross rent,1156,5,319.28866666666664,1264.0575533529743
B25064_001,2018,Delaware,10,Median gross rent,1110,9,319.28866666666664,1213.757685312977
B25064_001,2018,District of Columbia,11,Median gross rent,1487,16,319.28866666666664,1625.9979081625197
B25064_001,2018,Florida,12,Median gross rent,1128,3,319.28866666666664,1233.4402423721062
B25064_001,2018,Georgia,13,Median gross rent,968,3,319.28866666666664,1058.48417962429
B25064_001,2018,Hawaii,15,Median gross rent,1566,14,319.28866666666664,1712.382464144254
B25064_001,2018,Idaho,16,Median gross rent,825,6,319.28866666666664,902.1171985434288
B25064_001,2018,Illinois,17,Median gross rent,984,3,319.28866666666664,1075.9797858990714
B25064_001,2018,Indiana,18,Median gross rent,807,4,319.28866666666664,882.4346414842995
B25064_001,2018,Iowa,19,Median gross rent,766,5,319.28866666666664,837.6021504051715
B25064_001,2018,Kansas,20,Median gross rent,831,5,319.28866666666664,908.678050896472
B25064_001,2018,Kentucky,21,Median gross rent,741,4,319.28866666666664,810.2652656008252
B25064_001,2018,Louisiana,22,Median gross rent,850,4,319.28866666666664,929.4540833477752
B25064_001,2018,Maine,23,Median gross rent,831,8,319.28866666666664,908.678050896472
B25064_001,2018,Maryland,24,Median gross rent,1357,4,319.28866666666664,1483.8461071799188
B25064_001,2018,Massachusetts,25,Median gross rent,1225,6,319.28866666666664,1339.5073554129701
B25064_001,2018,Michigan,26,Median gross rent,850,2,319.28866666666664,929.4540833477752
B25064_001,2018,Minnesota,27,Median gross rent,944,4,319.28866666666664,1032.2407702121175
B25064_001,2018,Mississippi,28,Median gross rent,762,5,319.28866666666664,833.228248836476
B25064_001,2018,Missouri,29,Median gross rent,809,4,319.28866666666664,884.6215922686472
B25064_001,2018,Montana,30,Median gross rent,783,8,319.28866666666664,856.191232072127
B25064_001,2018,Nebraska,31,Median gross rent,805,5,319.28866666666664,880.2476906999518
B25064_001,2018,Nevada,32,Median gross rent,1060,5,319.28866666666664,1159.0839157042844
B25064_001,2018,New Hampshire,33,Median gross rent,1077,8,319.28866666666664,1177.67299737124
B25064_001,2018,New Jersey,34,Median gross rent,1295,4,319.28866666666664,1416.0506328651397
B25064_001,2018,New Mexico,35,Median gross rent,828,6,319.28866666666664,905.3976247199504
B25064_001,2018,New York,36,Median gross rent,1240,3,319.28866666666664,1355.9094862955778
B25064_001,2018,North Carolina,37,Median gross rent,877,3,319.28866666666664,958.9779189364692
B25064_001,2018,North Dakota,38,Median gross rent,806,7,319.28866666666664,881.3411660921256
B25064_001,2018,Ohio,39,Median gross rent,788,2,319.28866666666664,861.6586090329963
B25064_001,2018,Oklahoma,40,Median gross rent,793,3,319.28866666666664,867.1259859938656
B25064_001,2018,Oregon,41,Median gross rent,1050,5,319.28866666666664,1148.149161782546
B25064_001,2018,Pennsylvania,42,Median gross rent,915,3,319.28866666666664,1000.5299838390756
B25064_001,2018,Rhode Island,44,Median gross rent,981,9,319.28866666666664,1072.6993597225498
B25064_001,2018,South Carolina,45,Median gross rent,868,5,319.28866666666664,949.1366404069046
B25064_001,2018,South Dakota,46,Median gross rent,722,9,319.28866666666664,789.489233149522
B25064_001,2018,Tennessee,47,Median gross rent,841,3,319.28866666666664,919.6128048182105
B25064_001,2018,Texas,48,Median gross rent,998,2,319.28866666666664,1091.2884413895054
B25064_001,2018,Utah,49,Median gross rent,988,6,319.28866666666664,1080.3536874677668
B25064_001,2018,Vermont,50,Median gross rent,972,12,319.28866666666664,1062.8580811929853
B25064_001,2018,Virginia,51,Median gross rent,1202,5,319.28866666666664,1314.3574213929714
B25064_001,2018,Washington,53,Median gross rent,1194,5,319.28866666666664,1305.6096182555807
B25064_001,2018,West Virginia,54,Median gross rent,711,6,319.28866666666664,777.4610038356096
B25064_001,2018,Wisconsin,55,Median gross rent,837,3,319.28866666666664,915.238903249515
B25064_001,2018,Wyoming,56,Median gross rent,843,15,319.28866666666664,921.7997556025582
B25064_001,2018,Puerto Rico,72,Median gross rent,474,4,319.28866666666664,518.3073358904064
B25064_001,2019,Alabama,01,Median gross rent,792,5,331.1238333333333,835.0784140676475
B25064_001,2019,Alaska,02,Median gross rent,1244,13,331.1238333333333,1311.6635695709008
B25064_001,2019,Arizona,04,Median gross rent,1052,4,331.1238333333333,1109.2203176757137
B25064_001,2019,Arkansas,05,Median gross rent,745,4,331.1238333333333,785.5219930308048
B25064_001,2019,California,06,Median gross rent,1503,4,331.1238333333333,1584.7510812420128
B25064_001,2019,Colorado,08,Median gross rent,1271,6,331.1238333333333,1340.1321518686616
B25064_001,2019,Connecticut,09,Median gross rent,1180,6,331.1238333333333,1244.1824856058386
B25064_001,2019,Delaware,10,Median gross rent,1130,8,331.1238333333333,1191.4628887581334
B25064_001,2019,District of Columbia,11,Median gross rent,1541,19,331.1238333333333,1624.8179748462687
B25064_001,2019,Florida,12,Median gross rent,1175,4,331.1238333333333,1238.910525921068
B25064_001,2019,Georgia,13,Median gross rent,1006,4,331.1238333333333,1060.718288575825
B25064_001,2019,Hawaii,15,Median gross rent,1617,18,331.1238333333333,1704.9517620547804
B25064_001,2019,Idaho,16,Median gross rent,853,7,331.1238333333333,899.3963222218476
B25064_001,2019,Illinois,17,Median gross rent,1010,4,331.1238333333333,1064.9358563236415
B25064_001,2019,Indiana,18,Median gross rent,826,3,331.1238333333333,870.927739924087
B25064_001,2019,Iowa,19,Median gross rent,789,4,331.1238333333333,831.9152382567852
B25064_001,2019,Kansas,20,Median gross rent,850,4,331.1238333333333,896.2331464109853
B25064_001,2019,Kentucky,21,Median gross rent,763,4,331.1238333333333,804.5010478959786
B25064_001,2019,Louisiana,22,Median gross rent,866,4,331.1238333333333,913.1034174022509
B25064_001,2019,Maine,23,Median gross rent,853,8,331.1238333333333,899.3963222218476
B25064_001,2019,Maryland,24,Median gross rent,1392,5,331.1238333333333,1467.7135762401078
B25064_001,2019,Massachusetts,25,Median gross rent,1282,6,331.1238333333333,1351.7304631751567
B25064_001,2019,Michigan,26,Median gross rent,871,3,331.1238333333333,918.3753770870214
B25064_001,2019,Minnesota,27,Median gross rent,977,4,331.1238333333333,1030.140922404156
B25064_001,2019,Mississippi,28,Median gross rent,780,5,331.1238333333333,822.4257108241983
B25064_001,2019,Missouri,29,Median gross rent,830,4,331.1238333333333,875.1453076719033
B25064_001,2019,Montana,30,Median gross rent,810,10,331.1238333333333,854.0574689328213
B25064_001,2019,Nebraska,31,Median gross rent,833,5,331.1238333333333,878.3084834827656
B25064_001,2019,Nevada,32,Median gross rent,1107,5,331.1238333333333,1167.211874208189
B25064_001,2019,New Hampshire,33,Median gross rent,1111,9,331.1238333333333,1171.4294419560056
B25064_001,2019,New Jersey,34,Median gross rent,1334,5,331.1238333333333,1406.55884389677
B25064_001,2019,New Mexico,35,Median gross rent,844,6,331.1238333333333,889.9067947892607
B25064_001,2019,New York,36,Median gross rent,1280,3,331.1238333333333,1349.6216793012486
B25064_001,2019,North Carolina,37,Median gross rent,907,4,331.1238333333333,956.333486817369
B25064_001,2019,North Dakota,38,Median gross rent,826,8,331.1238333333333,870.927739924087
B25064_001,2019,Ohio,39,Median gross rent,808,3,331.1238333333333,851.9486850589132
B25064_001,2019,Oklahoma,40,Median gross rent,810,4,331.1238333333333,854.0574689328213
B25064_001,2019,Oregon,41,Median gross rent,1110,5,331.1238333333333,1170.3750500190515
B25064_001,2019,Pennsylvania,42,Median gross rent,938,3,331.1238333333333,989.0196368629462
B25064_001,2019,Rhode Island,44,Median gross rent,1004,10,331.1238333333333,1058.6095047019169
B25064_001,2019,South Carolina,45,Median gross rent,894,5,331.1238333333333,942.6263916369658
B25064_001,2019,South Dakota,46,Median gross rent,747,8,331.1238333333333,787.630776904713
B25064_001,2019,Tennessee,47,Median gross rent,869,3,331.1238333333333,916.2665932131132
B25064_001,2019,Texas,48,Median gross rent,1045,3,331.1238333333333,1101.839574117035
B25064_001,2019,Utah,49,Median gross rent,1037,8,331.1238333333333,1093.404438621402
B25064_001,2019,Vermont,50,Median gross rent,985,12,331.1238333333333,1038.5760578997888
B25064_001,2019,Virginia,51,Median gross rent,1234,5,331.1238333333333,1301.11965020136
B25064_001,2019,Washington,53,Median gross rent,1258,6,331.1238333333333,1326.4250566882583
B25064_001,2019,West Virginia,54,Median gross rent,725,5,331.1238333333333,764.4341542917227
B25064_001,2019,Wisconsin,55,Median gross rent,856,2,331.1238333333333,902.5594980327099
B25064_001,2019,Wyoming,56,Median gross rent,855,13,331.1238333333333,901.5051060957559
B25064_001,2019,Puerto Rico,72,Median gross rent,478,4,331.1238333333333,503.99934586406
B25064_001,2020,Alabama,01,Median gross rent,811,5,341.46816666666666,829.2073608618471
B25064_001,2020,Alaska,02,Median gross rent,1240,16,341.46816666666666,1267.8386281981384
B25064_001,2020,Arizona,04,Median gross rent,1097,5,341.46816666666666,1121.628205752708
B25064_001,2020,Arkansas,05,Median gross rent,760,5,341.46816666666666,777.0623850246656
B25064_001,2020,California,06,Median gross rent,1586,4,341.46816666666666,1621.6065034856836
B25064_001,2020,Colorado,08,Median gross rent,1335,6,341.46816666666666,1364.9714263262217
B25064_001,2020,Connecticut,09,Median gross rent,1201,6,341.46816666666666,1227.963058440294
B25064_001,2020,Delaware,10,Median gross rent,1150,11,341.46816666666666,1175.8180826031123
B25064_001,2020,District of Columbia,11,Median gross rent,1607,24,341.46816666666666,1643.077964124523
B25064_001,2020,Florida,12,Median gross rent,1218,3,341.46816666666666,1245.3447170526877
B25064_001,2020,Georgia,13,Median gross rent,1042,4,341.46816666666666,1065.3934278890808
B25064_001,2020,Hawaii,15,Median gross rent,1651,16,341.46816666666666,1688.0657864154248
B25064_001,2020,Idaho,16,Median gross rent,887,9,341.46816666666666,906.9135993643135
B25064_001,2020,Illinois,17,Median gross rent,1038,4,341.46816666666666,1061.3036258626353
B25064_001,2020,Indiana,18,Median gross rent,844,3,341.46816666666666,862.9482275800233
B25064_001,2020,Iowa,19,Median gross rent,806,6,341.46816666666666,824.09510832879
B25064_001,2020,Kansas,20,Median gross rent,863,6,341.46816666666666,882.3747872056399
B25064_001,2020,Kentucky,21,Median gross rent,783,4,341.46816666666666,800.5787466767277
B25064_001,2020,Louisiana,22,Median gross rent,876,5,341.46816666666666,895.6666437915882
B25064_001,2020,Maine,23,Median gross rent,873,7,341.46816666666666,892.5992922717539
B25064_001,2020,Maryland,24,Median gross rent,1415,6,341.46816666666666,1446.7674668551338
B25064_001,2020,Massachusetts,25,Median gross rent,1336,7,341.46816666666666,1365.9938768328332
B25064_001,2020,Michigan,26,Median gross rent,892,4,341.46816666666666,912.0258518973706
B25064_001,2020,Minnesota,27,Median gross rent,1010,7,341.46816666666666,1032.675011677516
B25064_001,2020,Mississippi,28,Median gross rent,789,7,341.46816666666666,806.7134497163962
B25064_001,2020,Missouri,29,Median gross rent,843,3,341.46816666666666,861.925777073412
B25064_001,2020,Montana,30,Median gross rent,836,13,341.46816666666666,854.768623527132
B25064_001,2020,Nebraska,31,Median gross rent,857,5,341.46816666666666,876.2400841659716
B25064_001,2020,Nevada,32,Median gross rent,1159,5,341.46816666666666,1185.020137162615
B25064_001,2020,New Hampshire,33,Median gross rent,1145,10,341.46816666666666,1170.7058300700553
B25064_001,2020,New Jersey,34,Median gross rent,1368,5,341.46816666666666,1398.712293044398
B25064_001,2020,New Mexico,35,Median gross rent,857,9,341.46816666666666,876.2400841659716
B25064_001,2020,New York,36,Median gross rent,1315,5,341.46816666666666,1344.5224161939936
B25064_001,2020,North Carolina,37,Median gross rent,932,4,341.46816666666666,952.9238721618267
B25064_001,2020,North Dakota,38,Median gross rent,828,9,341.46816666666666,846.5890194742409
B25064_001,2020,Ohio,39,Median gross rent,825,3,341.46816666666666,843.5216679544067
B25064_001,2020,Oklahoma,40,Median gross rent,818,4,341.46816666666666,836.3645144081269
B25064_001,2020,Oregon,41,Median gross rent,1173,5,341.46816666666666,1199.3344442551745
B25064_001,2020,Pennsylvania,42,Median gross rent,958,3,341.46816666666666,979.5075853337231
B25064_001,2020,Rhode Island,44,Median gross rent,1031,12,341.46816666666666,1054.1464723163556
B25064_001,2020,South Carolina,45,Median gross rent,918,6,341.46816666666666,938.6095650692671
B25064_001,2020,South Dakota,46,Median gross rent,761,11,341.46816666666666,778.0848355312769
B25064_001,2020,Tennessee,47,Median gross rent,897,4,341.46816666666666,917.1381044304276
B25064_001,2020,Texas,48,Median gross rent,1082,3,341.46816666666666,1106.291448153537
B25064_001,2020,Utah,49,Median gross rent,1090,7,341.46816666666666,1114.471052206428
B25064_001,2020,Vermont,50,Median gross rent,999,15,341.46816666666666,1021.4280561047906
B25064_001,2020,Virginia,51,Median gross rent,1257,7,341.46816666666666,1285.2202868105323
B25064_001,2020,Washington,53,Median gross rent,1337,6,341.46816666666666,1367.0163273394446
B25064_001,2020,West Virginia,54,Median gross rent,732,8,341.46816666666666,748.4337708395462
B25064_001,2020,Wisconsin,55,Median gross rent,872,4,341.46816666666666,891.5768417651426
B25064_001,2020,Wyoming,56,Median gross rent,853,12,341.46816666666666,872.1502821395259
B25064_001,2020,Puerto Rico,72,Median gross rent,486,6,341.46816666666666,496.91094621314136
B25064_001,2021,Alabama,01,Median gross rent,852,5,349.13425,852.0001220161012
B25064_001,2021,Alaska,02,Median gross rent,1279,21,349.13425,1279.000183167363
B25064_001,2021,Arizona,04,Median gross rent,1172,5,349.13425,1172.0001678437447
B25064_001,2021,Arkansas,05,Median gross rent,803,7,349.13425,803.0001149987432
B25064_001,2021,California,06,Median gross rent,1698,3,349.13425,1698.000243172934
B25064_001,2021,Colorado,08,Median gross rent,1437,8,349.13425,1437.0002057947622
B25064_001,2021,Connecticut,09,Median gross rent,1260,9,349.13425,1260.0001804463468
B25064_001,2021,Delaware,10,Median gross rent,1199,11,349.13425,1199.0001717104522
B25064_001,2021,District of Columbia,11,Median gross rent,1681,18,349.13425,1681.0002407383404
B25064_001,2021,Florida,12,Median gross rent,1301,4,349.13425,1301.0001863180137
B25064_001,2021,Georgia,13,Median gross rent,1110,4,349.13425,1110.0001589646388
B25064_001,2021,Hawaii,15,Median gross rent,1755,16,349.13425,1755.000251335983
B25064_001,2021,Idaho,16,Median gross rent,952,9,349.13425,952.0001363372397
B25064_001,2021,Illinois,17,Median gross rent,1097,4,349.13425,1097.0001571028909
B25064_001,2021,Indiana,18,Median gross rent,891,4,349.13425,891.0001276013452
B25064_001,2021,Iowa,19,Median gross rent,845,4,349.13425,845.0001210136214
B25064_001,2021,Kansas,20,Median gross rent,912,5,349.13425,912.0001306087843
B25064_001,2021,Kentucky,21,Median gross rent,826,5,349.13425,826.0001182926051
B25064_001,2021,Louisiana,22,Median gross rent,923,5,349.13425,923.0001321841096
B25064_001,2021,Maine,23,Median gross rent,927,9,349.13425,927.000132756955
B25064_001,2021,Maryland,24,Median gross rent,1485,7,349.13425,1485.0002126689087
B25064_001,2021,Massachusetts,25,Median gross rent,1429,9,349.13425,1429.000204649071
B25064_001,2021,Michigan,26,Median gross rent,946,4,349.13425,946.0001354779714
B25064_001,2021,Minnesota,27,Median gross rent,1081,5,349.13425,1081.0001548115085
B25064_001,2021,Mississippi,28,Median gross rent,830,6,349.13425,830.0001188654506
B25064_001,2021,Missouri,29,Median gross rent,886,4,349.13425,886.0001268852883
B25064_001,2021,Montana,30,Median gross rent,886,9,349.13425,886.0001268852883
B25064_001,2021,Nebraska,31,Median gross rent,909,6,349.13425,909.0001301791501
B25064_001,2021,Nevada,32,Median gross rent,1238,7,349.13425,1238.0001772956962
B25064_001,2021,New Hampshire,33,Median gross rent,1212,12,349.13425,1212.0001735722003
B25064_001,2021,New Jersey,34,Median gross rent,1436,5,349.13425,1436.0002056515507
B25064_001,2021,New Mexico,35,Median gross rent,897,9,349.13425,897.0001284606135
B25064_001,2021,New York,36,Median gross rent,1390,4,349.13425,1390.000199063827
B25064_001,2021,North Carolina,37,Median gross rent,988,4,349.13425,988.0001414928497
B25064_001,2021,North Dakota,38,Median gross rent,853,8,349.13425,853.0001221593125
B25064_001,2021,Ohio,39,Median gross rent,870,3,349.13425,870.0001245939061
B25064_001,2021,Oklahoma,40,Median gross rent,862,3,349.13425,862.000123448215
B25064_001,2021,Oregon,41,Median gross rent,1250,7,349.13425,1250.0001790142328
B25064_001,2021,Pennsylvania,42,Median gross rent,1013,5,349.13425,1013.0001450731344
B25064_001,2021,Rhode Island,44,Median gross rent,1097,12,349.13425,1097.0001571028909
B25064_001,2021,South Carolina,45,Median gross rent,970,6,349.13425,970.0001389150448
B25064_001,2021,South Dakota,46,Median gross rent,809,10,349.13425,809.0001158580116
B25064_001,2021,Tennessee,47,Median gross rent,951,5,349.13425,951.0001361940284
B25064_001,2021,Texas,48,Median gross rent,1146,3,349.13425,1146.0001641202487
B25064_001,2021,Utah,49,Median gross rent,1171,8,349.13425,1171.0001677005334
B25064_001,2021,Vermont,50,Median gross rent,1070,18,349.13425,1070.0001532361835
B25064_001,2021,Virginia,51,Median gross rent,1326,5,349.13425,1326.0001898982982
B25064_001,2021,Washington,53,Median gross rent,1439,6,349.13425,1439.0002060811848
B25064_001,2021,West Virginia,54,Median gross rent,770,8,349.13425,770.0001102727674
B25064_001,2021,Wisconsin,55,Median gross rent,916,3,349.13425,916.0001311816299
B25064_001,2021,Wyoming,56,Median gross rent,878,14,349.13425,878.0001257395971
B25064_001,2021,Puerto Rico,72,Median gross rent,505,6,349.13425,505.0000723217501
