variable,year,state,fips,medgrossrent,estimate,moe,index,adjusted
B25064_001,2010,Alabama,01,Median gross rent,644,4,249.38308333333333,1032.0283579780373
B25064_001,2010,Alaska,02,Median gross rent,972,9,249.38308333333333,1557.6577080041184
B25064_001,2010,Arizona,04,Median gross rent,856,4,249.38308333333333,1371.7644012875774
B25064_001,2010,Arkansas,05,Median gross rent,617,4,249.38308333333333,988.7600883112561
B25064_001,2010,California,06,Median gross rent,1147,2,249.38308333333333,1838.1001965851067
B25064_001,2010,Colorado,08,Median gross rent,852,4,249.38308333333333,1365.354287262869
B25064_001,2010,Connecticut,09,Median gross rent,982,5,249.38308333333333,1573.6829930658891
B25064_001,2010,Delaware,10,Median gross rent,938,8,249.38308333333333,1503.1717387940978
B25064_001,2010,District of Columbia,11,Median gross rent,1063,13,249.38308333333333,1703.4878020662322
B25064_001,2010,Florida,12,Median gross rent,957,2,249.38308333333333,1533.6197804114622
B25064_001,2010,Georgia,13,Median gross rent,808,3,249.38308333333333,1294.8430329910777
B25064_001,2010,Hawaii,15,Median gross rent,1260,18,249.38308333333333,2019.1859177831163
B25064_001,2010,Idaho,16,Median gross rent,689,5,249.38308333333333,1104.1421407560056
B25064_001,2010,Illinois,17,Median gross rent,834,3,249.38308333333333,1336.5087741516818
B25064_001,2010,Indiana,18,Median gross rent,683,3,249.38308333333333,1094.5269697189433
B25064_001,2010,Iowa,19,Median gross rent,617,3,249.38308333333333,988.7600883112561
B25064_001,2010,Kansas,20,Median gross rent,671,4,249.38308333333333,1075.2966276448183
B25064_001,2010,Kentucky,21,Median gross rent,601,3,249.38308333333333,963.119632212423
B25064_001,2010,Louisiana,22,Median gross rent,712,5,249.38308333333333,1141.0002963980785
B25064_001,2010,Maine,23,Median gross rent,707,7,249.38308333333333,1132.987653867193
B25064_001,2010,Maryland,24,Median gross rent,1091,6,249.38308333333333,1748.3586002391903
B25064_001,2010,Massachusetts,25,Median gross rent,1006,6,249.38308333333333,1612.143677214139
B25064_001,2010,Michigan,26,Median gross rent,723,3,249.38308333333333,1158.6281099660262
B25064_001,2010,Minnesota,27,Median gross rent,759,3,249.38308333333333,1216.319136188401
B25064_001,2010,Mississippi,28,Median gross rent,648,5,249.38308333333333,1038.4384720027456
B25064_001,2010,Missouri,29,Median gross rent,667,3,249.38308333333333,1068.88651362011
B25064_001,2010,Montana,30,Median gross rent,629,5,249.38308333333333,1007.990430385381
B25064_001,2010,Nebraska,31,Median gross rent,648,5,249.38308333333333,1038.4384720027456
B25064_001,2010,Nevada,32,Median gross rent,998,6,249.38308333333333,1599.3234491647222
B25064_001,2010,New Hampshire,33,Median gross rent,933,7,249.38308333333333,1495.1590962632124
B25064_001,2010,New Jersey,34,Median gross rent,1092,4,249.38308333333333,1749.9611287453674
B25064_001,2010,New Mexico,35,Median gross rent,683,6,249.38308333333333,1094.5269697189433
B25064_001,2010,New York,36,Median gross rent,977,3,249.38308333333333,1565.6703505350038
B25064_001,2010,North Carolina,37,Median gross rent,718,3,249.38308333333333,1150.6154674351408
B25064_001,2010,North Dakota,38,Median gross rent,555,6,249.38308333333333,889.4033209282774
B25064_001,2010,Ohio,39,Median gross rent,678,2,249.38308333333333,1086.514327188058
B25064_001,2010,Oklahoma,40,Median gross rent,633,3,249.38308333333333,1014.4005444100894
B25064_001,2010,Oregon,41,Median gross rent,795,4,249.38308333333333,1274.0101624107758
B25064_001,2010,Pennsylvania,42,Median gross rent,739,3,249.38308333333333,1184.2685660648594
B25064_001,2010,Rhode Island,44,Median gross rent,882,9,249.38308333333333,1413.4301424481814
B25064_001,2010,South Carolina,45,Median gross rent,701,4,249.38308333333333,1123.3724828301306
B25064_001,2010,South Dakota,46,Median gross rent,574,7,249.38308333333333,919.8513625456419
B25064_001,2010,Tennessee,47,Median gross rent,678,3,249.38308333333333,1086.514327188058
B25064_001,2010,Texas,48,Median gross rent,786,2,249.38308333333333,1259.5874058551822
B25064_001,2010,Utah,49,Median gross rent,781,5,249.38308333333333,1251.5747633242968
B25064_001,2010,Vermont,50,Median gross rent,809,10,249.38308333333333,1296.4455614972549
B25064_001,2010,Virginia,51,Median gross rent,970,4,249.38308333333333,1554.4526509917641
B25064_001,2010,Washington,53,Median gross rent,882,4,249.38308333333333,1413.4301424481814
B25064_001,2010,West Virginia,54,Median gross rent,549,5,249.38308333333333,879.788149891215
B25064_001,2010,Wisconsin,55,Median gross rent,713,3,249.38308333333333,1142.6028249042554
B25064_001,2010,Wyoming,56,Median gross rent,666,10,249.38308333333333,1067.2839851139329
B25064_001,2010,Puerto Rico,72,Median gross rent,425,5,249.38308333333333,681.0746151252575
B25064_001,2011,Alabama,01,Median gross rent,674,4,253.63391666666666,1062.0019693738384
B25064_001,2011,Alaska,02,Median gross rent,1017,17,253.63391666666666,1602.4569775269936
B25064_001,2011,Arizona,04,Median gross rent,881,4,253.63391666666666,1388.1657789589785
B25064_001,2011,Arkansas,05,Median gross rent,637,4,253.63391666666666,1003.7021579987166
B25064_001,2011,California,06,Median gross rent,1185,3,253.63391666666666,1867.1696345816001
B25064_001,2011,Colorado,08,Median gross rent,883,4,253.63391666666666,1391.3171201143905
B25064_001,2011,Connecticut,09,Median gross rent,1020,7,253.63391666666666,1607.1839892601115
B25064_001,2011,Delaware,10,Median gross rent,975,10,253.63391666666666,1536.2788132633418
B25064_001,2011,District of Columbia,11,Median gross rent,1135,11,253.63391666666666,1788.3861056963005
B25064_001,2011,Florida,12,Median gross rent,981,2,253.63391666666666,1545.7328367295777
B25064_001,2011,Georgia,13,Median gross rent,835,3,253.63391666666666,1315.684932384503
B25064_001,2011,Hawaii,15,Median gross rent,1313,13,253.63391666666666,2068.855468527967
B25064_001,2011,Idaho,16,Median gross rent,709,6,253.63391666666666,1117.150439593548
B25064_001,2011,Illinois,17,Median gross rent,860,3,253.63391666666666,1355.0766968271528
B25064_001,2011,Indiana,18,Median gross rent,704,3,253.63391666666666,1109.2720867050182
B25064_001,2011,Iowa,19,Median gross rent,637,3,253.63391666666666,1003.7021579987166
B25064_001,2011,Kansas,20,Median gross rent,699,5,253.63391666666666,1101.393733816488
B25064_001,2011,Kentucky,21,Median gross rent,623,3,253.63391666666666,981.6427699108327
B25064_001,2011,Louisiana,22,Median gross rent,745,4,253.63391666666666,1173.8745803909637
B25064_001,2011,Maine,23,Median gross rent,736,7,253.63391666666666,1159.69354519161
B25064_001,2011,Maryland,24,Median gross rent,1139,4,253.63391666666666,1794.6887880071245
B25064_001,2011,Massachusetts,25,Median gross rent,1037,5,253.63391666666666,1633.9703890811134
B25064_001,2011,Michigan,26,Median gross rent,742,3,253.63391666666666,1169.1475686578458
B25064_001,2011,Minnesota,27,Median gross rent,783,4,253.63391666666666,1233.7500623437913
B25064_001,2011,Mississippi,28,Median gross rent,680,5,253.63391666666666,1071.4559928400743
B25064_001,2011,Missouri,29,Median gross rent,693,3,253.63391666666666,1091.9397103502522
B25064_001,2011,Montana,30,Median gross rent,649,7,253.63391666666666,1022.6102049311886
B25064_001,2011,Nebraska,31,Median gross rent,672,5,253.63391666666666,1058.8506282184264
B25064_001,2011,Nevada,32,Median gross rent,1011,8,253.63391666666666,1593.0029540607575
B25064_001,2011,New Hampshire,33,Median gross rent,956,7,253.63391666666666,1506.341072286928
B25064_001,2011,New Jersey,34,Median gross rent,1131,4,253.63391666666666,1782.0834233854764
B25064_001,2011,New Mexico,35,Median gross rent,713,5,253.63391666666666,1123.453121904372
B25064_001,2011,New York,36,Median gross rent,1025,3,253.63391666666666,1615.0623421486414
B25064_001,2011,North Carolina,37,Median gross rent,744,3,253.63391666666666,1172.2989098132578
B25064_001,2011,North Dakota,38,Median gross rent,584,7,253.63391666666666,920.1916173802991
B25064_001,2011,Ohio,39,Median gross rent,697,2,253.63391666666666,1098.242392661076
B25064_001,2011,Oklahoma,40,Median gross rent,659,4,253.63391666666666,1038.3669107082485
B25064_001,2011,Oregon,41,Median gross rent,830,4,253.63391666666666,1307.806579495973
B25064_001,2011,Pennsylvania,42,Median gross rent,770,2,253.63391666666666,1213.2663448336136
B25064_001,2011,Rhode Island,44,Median gross rent,901,9,253.63391666666666,1419.6791905130985
B25064_001,2011,South Carolina,45,Median gross rent,728,3,253.63391666666666,1147.0881805699619
B25064_001,2011,South Dakota,46,Median gross rent,595,8,253.63391666666666,937.523993735065
B25064_001,2011,Tennessee,47,Median gross rent,707,4,253.63391666666666,1113.9990984381361
B25064_001,2011,Texas,48,Median gross rent,814,2,253.63391666666666,1282.595850252677
B25064_001,2011,Utah,49,Median gross rent,813,6,253.63391666666666,1281.0201796749711
B25064_001,2011,Vermont,50,Median gross rent,843,10,253.63391666666666,1328.290297006151
B25064_001,2011,Virginia,51,Median gross rent,1024,6,253.63391666666666,1613.4866715709354
B25064_001,2011,Washington,53,Median gross rent,923,4,253.63391666666666,1454.3439432226303
B25064_001,2011,West Virginia,54,Median gross rent,574,5,253.63391666666666,904.4349116032392
B25064_001,2011,Wisconsin,55,Median gross rent,735,3,253.63391666666666,1158.117874613904
B25064_001,2011,Wyoming,56,Median gross rent,708,12,253.63391666666666,1115.574769015842
B25064_001,2011,Puerto Rico,72,Median gross rent,438,4,253.63391666666666,690.1437130352243
B25064_001,2012,Alabama,01,Median gross rent,691,4,260.36058333333335,1060.6584720485405
B25064_001,2012,Alaska,02,Median gross rent,1065,14,260.36058333333335,1634.734113938778
B25064_001,2012,Arizona,04,Median gross rent,891,4,260.36058333333335,1367.6507939149776
B25064_001,2012,Arkansas,05,Median gross rent,649,4,260.36058333333335,996.1900844565886
B25064_001,2012,California,06,Median gross rent,1209,3,260.36058333333335,1855.7685856826126
B25064_001,2012,Colorado,08,Median gross rent,915,5,260.36058333333335,1404.48987253895
B25064_001,2012,Connecticut,09,Median gross rent,1044,5,260.36058333333335,1602.499920142802
B25064_001,2012,Delaware,10,Median gross rent,985,10,260.36058333333335,1511.937185192203
B25064_001,2012,District of Columbia,11,Median gross rent,1200,13,260.36058333333335,1841.953931198623
B25064_001,2012,Florida,12,Median gross rent,987,2,260.36058333333335,1515.0071084108674
B25064_001,2012,Georgia,13,Median gross rent,849,3,260.36058333333335,1303.1824063230258
B25064_001,2012,Hawaii,15,Median gross rent,1354,14,260.36058333333335,2078.33801903578
B25064_001,2012,Idaho,16,Median gross rent,720,6,260.36058333333335,1105.1723587191739
B25064_001,2012,Illinois,17,Median gross rent,877,3,260.36058333333335,1346.161331384327
B25064_001,2012,Indiana,18,Median gross rent,719,3,260.36058333333335,1103.6373971098417
B25064_001,2012,Iowa,19,Median gross rent,655,4,260.36058333333335,1005.3998541125817
B25064_001,2012,Kansas,20,Median gross rent,715,4,260.36058333333335,1097.497550672513
B25064_001,2012,Kentucky,21,Median gross rent,638,4,260.36058333333335,979.3055067539345
B25064_001,2012,Louisiana,22,Median gross rent,762,4,260.36058333333335,1169.6407463111257
B25064_001,2012,Maine,23,Median gross rent,750,6,260.36058333333335,1151.2212069991394
B25064_001,2012,Maryland,24,Median gross rent,1172,5,260.36058333333335,1798.9750061373218
B25064_001,2012,Massachusetts,25,Median gross rent,1056,5,260.36058333333335,1620.9194594547882
B25064_001,2012,Michigan,26,Median gross rent,755,3,260.36058333333335,1158.8960150458004
B25064_001,2012,Minnesota,27,Median gross rent,802,4,260.36058333333335,1231.039210684413
B25064_001,2012,Mississippi,28,Median gross rent,688,5,260.36058333333335,1056.053587220544
B25064_001,2012,Missouri,29,Median gross rent,712,3,260.36058333333335,1092.8926658445164
B25064_001,2012,Montana,30,Median gross rent,667,7,260.36058333333335,1023.8193934245679
B25064_001,2012,Nebraska,31,Median gross rent,687,4,260.36058333333335,1054.5186256112117
B25064_001,2012,Nevada,32,Median gross rent,1001,6,260.36058333333335,1536.496570941518
B25064_001,2012,New Hampshire,33,Median gross rent,972,7,260.36058333333335,1491.9826842708846
B25064_001,2012,New Jersey,34,Median gross rent,1154,3,260.36058333333335,1771.3456971693424
B25064_001,2012,New Mexico,35,Median gross rent,736,5,260.36058333333335,1129.7317444684888
B25064_001,2012,New York,36,Median gross rent,1061,3,260.36058333333335,1628.5942675014492
B25064_001,2012,North Carolina,37,Median gross rent,759,3,260.36058333333335,1165.035861483129
B25064_001,2012,North Dakota,38,Median gross rent,610,7,260.36058333333335,936.3265816926333
B25064_001,2012,Ohio,39,Median gross rent,710,3,260.36058333333335,1089.822742625852
B25064_001,2012,Oklahoma,40,Median gross rent,679,3,260.36058333333335,1042.2389327365543
B25064_001,2012,Oregon,41,Median gross rent,854,4,260.36058333333335,1310.8572143696867
B25064_001,2012,Pennsylvania,42,Median gross rent,794,3,260.36058333333335,1218.7595178097556
B25064_001,2012,Rhode Island,44,Median gross rent,908,8,260.36058333333335,1393.7451412736248
B25064_001,2012,South Carolina,45,Median gross rent,749,4,260.36058333333335,1149.6862453898073
B25064_001,2012,South Dakota,46,Median gross rent,617,6,260.36058333333335,947.0713129579586
B25064_001,2012,Tennessee,47,Median gross rent,726,3,260.36058333333335,1114.382128375167
B25064_001,2012,Texas,48,Median gross rent,834,2,260.36058333333335,1280.157982183043
B25064_001,2012,Utah,49,Median gross rent,839,5,260.36058333333335,1287.832790229704
B25064_001,2012,Vermont,50,Median gross rent,864,10,260.36058333333335,1326.2068304630086
B25064_001,2012,Virginia,51,Median gross rent,1060,5,260.36058333333335,1627.059305892117
B25064_001,2012,Washington,53,Median gross rent,951,4,260.36058333333335,1459.7484904749087
B25064_001,2012,West Virginia,54,Median gross rent,594,5,260.36058333333335,911.7671959433184
B25064_001,2012,Wisconsin,55,Median gross rent,749,3,260.36058333333335,1149.6862453898073
B25064_001,2012,Wyoming,56,Median gross rent,733,11,260.36058333333335,1125.1268596404923
B25064_001,2012,Puerto Rico,72,Median gross rent,449,5,260.36058333333335,689.1977625901515
B25064_001,2013,Alabama,01,Median gross rent,705,3,267.71575,1052.4172279740733
B25064_001,2013,Alaska,02,Median gross rent,1098,13,267.71575,1639.0838529298333
B25064_001,2013,Arizona,04,Median gross rent,896,4,267.71575,1337.540193283361
B25064_001,2013,Arkansas,05,Median gross rent,661,4,267.71575,986.7344506253368
B25064_001,2013,California,06,Median gross rent,1224,2,267.71575,1827.175442610306
B25064_001,2013,Colorado,08,Median gross rent,939,4,267.71575,1401.730180237808
B25064_001,2013,Connecticut,09,Median gross rent,1056,5,267.71575,1576.3866563696756
B25064_001,2013,Delaware,10,Median gross rent,999,11,267.71575,1491.297603895176
B25064_001,2013,District of Columbia,11,Median gross rent,1242,15,267.71575,1854.0456697075163
B25064_001,2013,Florida,12,Median gross rent,990,3,267.71575,1477.862490346571
B25064_001,2013,Georgia,13,Median gross rent,860,3,267.71575,1283.7997390889404
B25064_001,2013,Hawaii,15,Median gross rent,1380,13,267.71575,2060.0507441194627
B25064_001,2013,Idaho,16,Median gross rent,728,6,267.71575,1086.751407042731
B25064_001,2013,Illinois,17,Median gross rent,890,2,267.71575,1328.5834509176243
B25064_001,2013,Indiana,18,Median gross rent,730,3,267.71575,1089.73698783131
B25064_001,2013,Iowa,19,Median gross rent,670,4,267.71575,1000.1695641739419
B25064_001,2013,Kansas,20,Median gross rent,732,4,267.71575,1092.7225686198888
B25064_001,2013,Kentucky,21,Median gross rent,655,3,267.71575,977.7777082596
B25064_001,2013,Louisiana,22,Median gross rent,773,4,267.71575,1153.9269747857568
B25064_001,2013,Maine,23,Median gross rent,764,7,267.71575,1140.4918612371516
B25064_001,2013,Maryland,24,Median gross rent,1196,4,267.71575,1785.3773115702008
B25064_001,2013,Massachusetts,25,Median gross rent,1069,5,267.71575,1595.7929314954388
B25064_001,2013,Michigan,26,Median gross rent,768,3,267.71575,1146.4630228143096
B25064_001,2013,Minnesota,27,Median gross rent,819,3,267.71575,1222.5953329230724
B25064_001,2013,Mississippi,28,Median gross rent,702,4,267.71575,1047.938856791205
B25064_001,2013,Missouri,29,Median gross rent,727,3,267.71575,1085.2586166484414
B25064_001,2013,Montana,30,Median gross rent,682,8,267.71575,1018.0830489054156
B25064_001,2013,Nebraska,31,Median gross rent,706,5,267.71575,1053.9100183683627
B25064_001,2013,Nevada,32,Median gross rent,986,4,267.71575,1471.8913287694131
B25064_001,2013,New Hampshire,33,Median gross rent,987,8,267.71575,1473.3841191637025
B25064_001,2013,New Jersey,34,Median gross rent,1172,3,267.71575,1749.5503421072538
B25064_001,2013,New Mexico,35,Median gross rent,758,6,267.71575,1131.5351188714149
B25064_001,2013,New York,36,Median gross rent,1088,3,267.71575,1624.1559489869385
B25064_001,2013,North Carolina,37,Median gross rent,776,2,267.71575,1158.4053459686254
B25064_001,2013,North Dakota,38,Median gross rent,645,8,267.71575,962.8498043167053
B25064_001,2013,Ohio,39,Median gross rent,718,2,267.71575,1071.8235030998362
B25064_001,2013,Oklahoma,40,Median gross rent,699,4,267.71575,1043.4604856083365
B25064_001,2013,Oregon,41,Median gross rent,875,4,267.71575,1306.1915950032824
B25064_001,2013,Pennsylvania,42,Median gross rent,813,3,267.71575,1213.6385905573354
B25064_001,2013,Rhode Island,44,Median gross rent,918,8,267.71575,1370.3815819577294
B25064_001,2013,South Carolina,45,Median gross rent,768,4,267.71575,1146.4630228143096
B25064_001,2013,South Dakota,46,Median gross rent,632,6,267.71575,943.4435291909423
B25064_001,2013,Tennessee,47,Median gross rent,742,3,267.71575,1107.6504725627835
B25064_001,2013,Texas,48,Median gross rent,851,2,267.71575,1270.3646255403353
B25064_001,2013,Utah,49,Median gross rent,856,6,267.71575,1277.8285775117824
B25064_001,2013,Vermont,50,Median gross rent,875,8,267.71575,1306.1915950032824
B25064_001,2013,Virginia,51,Median gross rent,1087,4,267.71575,1622.663158592649
B25064_001,2013,Washington,53,Median gross rent,973,4,267.71575,1452.48505364365
B25064_001,2013,West Virginia,54,Median gross rent,611,6,267.71575,912.0949309108635
B25064_001,2013,Wisconsin,55,Median gross rent,759,3,267.71575,1133.0279092657045
B25064_001,2013,Wyoming,56,Median gross rent,764,12,267.71575,1140.4918612371516
B25064_001,2013,Puerto Rico,72,Median gross rent,454,5,267.71575,677.7268390074174
B25064_001,2014,Alabama,01,Median gross rent,715,4,276.15633333333335,1034.7222497160424
B25064_001,2014,Alaska,02,Median gross rent,1131,11,276.15633333333335,1636.742467732649
B25064_001,2014,Arizona,04,Median gross rent,905,5,276.15633333333335,1309.6834069832425
B25064_001,2014,Arkansas,05,Median gross rent,675,4,276.15633333333335,976.8356902913687
B25064_001,2014,California,06,Median gross rent,1243,2,276.15633333333335,1798.8248341217352
B25064_001,2014,Colorado,08,Median gross rent,969,5,276.15633333333335,1402.3019020627205
B25064_001,2014,Connecticut,09,Median gross rent,1069,5,276.15633333333335,1547.0183006244047
B25064_001,2014,Delaware,10,Median gross rent,1012,12,276.15633333333335,1464.5299534442447
B25064_001,2014,District of Columbia,11,Median gross rent,1302,16,276.15633333333335,1884.207509273129
B25064_001,2014,Florida,12,Median gross rent,998,3,276.15633333333335,1444.269657645609
B25064_001,2014,Georgia,13,Median gross rent,874,3,276.15633333333335,1264.8213234291204
B25064_001,2014,Hawaii,15,Median gross rent,1417,13,276.15633333333335,2050.6313676190657
B25064_001,2014,Idaho,16,Median gross rent,738,6,276.15633333333335,1068.0070213852298
B25064_001,2014,Illinois,17,Median gross rent,903,2,276.15633333333335,1306.7890790120089
B25064_001,2014,Indiana,18,Median gross rent,741,3,276.15633333333335,1072.3485133420804
B25064_001,2014,Iowa,19,Median gross rent,689,4,276.15633333333335,997.0959860900045
B25064_001,2014,Kansas,20,Median gross rent,748,4,276.15633333333335,1082.4786612413982
B25064_001,2014,Kentucky,21,Median gross rent,667,4,276.15633333333335,965.258378406434
B25064_001,2014,Louisiana,22,Median gross rent,786,4,276.15633333333335,1137.4708926948383
B25064_001,2014,Maine,23,Median gross rent,772,6,276.15633333333335,1117.2105968962026
B25064_001,2014,Maryland,24,Median gross rent,1218,5,276.15633333333335,1762.6457344813143
B25064_001,2014,Massachusetts,25,Median gross rent,1088,4,276.15633333333335,1574.5144163511247
B25064_001,2014,Michigan,26,Median gross rent,780,3,276.15633333333335,1128.7879087811373
B25064_001,2014,Minnesota,27,Median gross rent,835,3,276.15633333333335,1208.3819279900636
B25064_001,2014,Mississippi,28,Median gross rent,714,4,276.15633333333335,1033.2750857304256
B25064_001,2014,Missouri,29,Median gross rent,740,3,276.15633333333335,1070.9013493564635
B25064_001,2014,Montana,30,Median gross rent,696,8,276.15633333333335,1007.2261339893224
B25064_001,2014,Nebraska,31,Median gross rent,721,5,276.15633333333335,1043.4052336297434
B25064_001,2014,Nevada,32,Median gross rent,980,4,276.15633333333335,1418.2207059045056
B25064_001,2014,New Hampshire,33,Median gross rent,1001,9,276.15633333333335,1448.6111496024594
B25064_001,2014,New Jersey,34,Median gross rent,1188,3,276.15633333333335,1719.230814912809
B25064_001,2014,New Mexico,35,Median gross rent,774,7,276.15633333333335,1120.1049248674362
B25064_001,2014,New York,36,Median gross rent,1117,3,276.15633333333335,1616.4821719340132
B25064_001,2014,North Carolina,37,Median gross rent,790,2,276.15633333333335,1143.2595486373057
B25064_001,2014,North Dakota,38,Median gross rent,676,7,276.15633333333335,978.2828542769855
B25064_001,2014,Ohio,39,Median gross rent,729,3,276.15633333333335,1054.9825455146781
B25064_001,2014,Oklahoma,40,Median gross rent,717,3,276.15633333333335,1037.616577687276
B25064_001,2014,Oregon,41,Median gross rent,894,4,276.15633333333335,1293.7646031414572
B25064_001,2014,Pennsylvania,42,Median gross rent,832,2,276.15633333333335,1204.040436033213
B25064_001,2014,Rhode Island,44,Median gross rent,923,7,276.15633333333335,1335.7323587243457
B25064_001,2014,South Carolina,45,Median gross rent,784,4,276.15633333333335,1134.5765647236046
B25064_001,2014,South Dakota,46,Median gross rent,648,6,276.15633333333335,937.762262679714
B25064_001,2014,Tennessee,47,Median gross rent,757,3,276.15633333333335,1095.5031371119499
B25064_001,2014,Texas,48,Median gross rent,870,3,276.15633333333335,1259.032667486653
B25064_001,2014,Utah,49,Median gross rent,875,5,276.15633333333335,1266.2684874147371
B25064_001,2014,Vermont,50,Median gross rent,889,9,276.15633333333335,1286.5287832133731
B25064_001,2014,Virginia,51,Median gross rent,1108,5,276.15633333333335,1603.4576960634615
B25064_001,2014,Washington,53,Median gross rent,995,4,276.15633333333335,1439.9281656887583
B25064_001,2014,West Virginia,54,Median gross rent,630,5,276.15633333333335,911.7133109386108
B25064_001,2014,Wisconsin,55,Median gross rent,772,3,276.15633333333335,1117.2105968962026
B25064_001,2014,Wyoming,56,Median gross rent,778,13,276.15633333333335,1125.8935808099036
B25064_001,2014,Puerto Rico,72,Median gross rent,462,4,276.15633333333335,668.5897613549813
B25064_001,2015,Alabama,01,Median gross rent,717,3,286.027,1001.8088834270891
B25064_001,2015,Alaska,02,Median gross rent,1146,10,286.027,1601.2175458960169
B25064_001,2015,Arizona,04,Median gross rent,913,5,286.027,1275.664589356949
B25064_001,2015,Arkansas,05,Median gross rent,677,4,286.027,945.9199638495667
B25064_001,2015,California,06,Median gross rent,1255,2,286.027,1753.5148517447653
B25064_001,2015,Colorado,08,Median gross rent,1002,5,286.027,1400.0174354169362
B25064_001,2015,Connecticut,09,Median gross rent,1075,6,286.027,1502.0147136459145
B25064_001,2015,Delaware,10,Median gross rent,1018,11,286.027,1422.3730032479452
B25064_001,2015,District of Columbia,11,Median gross rent,1327,17,286.027,1854.1149069843057
B25064_001,2015,Florida,12,Median gross rent,1002,3,286.027,1400.0174354169362
B25064_001,2015,Georgia,13,Median gross rent,879,3,286.027,1228.159007716055
B25064_001,2015,Hawaii,15,Median gross rent,1438,16,286.027,2009.2066588119305
B25064_001,2015,Idaho,16,Median gross rent,743,6,286.027,1038.1366811524786
B25064_001,2015,Illinois,17,Median gross rent,907,3,286.027,1267.2812514203206
B25064_001,2015,Indiana,18,Median gross rent,745,3,286.027,1040.9311271313547
B25064_001,2015,Iowa,19,Median gross rent,697,4,286.027,973.8644236383279
B25064_001,2015,Kansas,20,Median gross rent,757,5,286.027,1057.6978030046116
B25064_001,2015,Kentucky,21,Median gross rent,675,3,286.027,943.1255178706906
B25064_001,2015,Louisiana,22,Median gross rent,788,4,286.027,1101.0117156771914
B25064_001,2015,Maine,23,Median gross rent,777,6,286.027,1085.6422627933728
B25064_001,2015,Maryland,24,Median gross rent,1230,5,286.027,1718.5842770088138
B25064_001,2015,Massachusetts,25,Median gross rent,1102,4,286.027,1539.7397343607422
B25064_001,2015,Michigan,26,Median gross rent,783,3,286.027,1094.025600730001
B25064_001,2015,Minnesota,27,Median gross rent,848,4,286.027,1184.8450950434749
B25064_001,2015,Mississippi,28,Median gross rent,717,6,286.027,1001.8088834270891
B25064_001,2015,Missouri,29,Median gross rent,746,3,286.027,1042.328350120793
B25064_001,2015,Montana,30,Median gross rent,711,6,286.027,993.4255454904608
B25064_001,2015,Nebraska,31,Median gross rent,726,4,286.027,1014.3838903320317
B25064_001,2015,Nevada,32,Median gross rent,973,5,286.027,1359.4979687232326
B25064_001,2015,New Hampshire,33,Median gross rent,1000,9,286.027,1397.22298943806
B25064_001,2015,New Jersey,34,Median gross rent,1192,3,286.027,1665.4898034101677
B25064_001,2015,New Mexico,35,Median gross rent,777,6,286.027,1085.6422627933728
B25064_001,2015,New York,36,Median gross rent,1132,3,286.027,1581.656424043884
B25064_001,2015,North Carolina,37,Median gross rent,797,2,286.027,1113.586722582134
B25064_001,2015,North Dakota,38,Median gross rent,709,8,286.027,990.6310995115846
B25064_001,2015,Ohio,39,Median gross rent,730,3,286.027,1019.9727822897839
B25064_001,2015,Oklahoma,40,Median gross rent,727,3,286.027,1015.7811133214697
B25064_001,2015,Oregon,41,Median gross rent,907,4,286.027,1267.2812514203206
B25064_001,2015,Pennsylvania,42,Median gross rent,840,3,286.027,1173.6673111279706
B25064_001,2015,Rhode Island,44,Median gross rent,925,7,286.027,1292.4312652302056
B25064_001,2015,South Carolina,45,Median gross rent,790,4,286.027,1103.8061616560674
B25064_001,2015,South Dakota,46,Median gross rent,655,7,286.027,915.1810580819293
B25064_001,2015,Tennessee,47,Median gross rent,764,3,286.027,1067.478363930678
B25064_001,2015,Texas,48,Median gross rent,882,2,286.027,1232.350676684369
B25064_001,2015,Utah,49,Median gross rent,887,6,286.027,1239.3367916315592
B25064_001,2015,Vermont,50,Median gross rent,895,9,286.027,1250.5145755470637
B25064_001,2015,Virginia,51,Median gross rent,1116,4,286.027,1559.300856212875
B25064_001,2015,Washington,53,Median gross rent,1014,5,286.027,1416.7841112901929
B25064_001,2015,West Virginia,54,Median gross rent,643,6,286.027,898.4143822086727
B25064_001,2015,Wisconsin,55,Median gross rent,776,3,286.027,1084.2450398039346
B25064_001,2015,Wyoming,56,Median gross rent,789,11,286.027,1102.4089386666294
B25064_001,2015,Puerto Rico,72,Median gross rent,456,4,286.027,637.1336831837555
B25064_001,2016,Alabama,01,Median gross rent,728,4,296.81891666666667,980.1951683784755
B25064_001,2016,Alaska,02,Median gross rent,1173,11,296.81891666666667,1579.3529292691644
B25064_001,2016,Arizona,04,Median gross rent,937,4,296.81891666666667,1261.5973527069114
B25064_001,2016,Arkansas,05,Median gross rent,689,4,296.81891666666667,927.6847129296285
B25064_001,2016,California,06,Median gross rent,1297,2,296.81891666666667,1746.3092491578059
B25064_001,2016,Colorado,08,Median gross rent,1057,4,296.81891666666667,1423.1679848572096
B25064_001,2016,Connecticut,09,Median gross rent,1094,5,296.81891666666667,1472.9855964368849
B25064_001,2016,Delaware,10,Median gross rent,1039,10,296.81891666666667,1398.9323900346649
B25064_001,2016,District of Columbia,11,Median gross rent,1362,15,296.81891666666667,1833.826674905884
B25064_001,2016,Florida,12,Median gross rent,1032,3,296.81891666666667,1389.507436492564
B25064_001,2016,Georgia,13,Median gross rent,897,3,296.81891666666667,1207.7404753234787
B25064_001,2016,Hawaii,15,Median gross rent,1456,14,296.81891666666667,1960.390336756951
B25064_001,2016,Idaho,16,Median gross rent,764,8,296.81891666666667,1028.666358023565
B25064_001,2016,Illinois,17,Median gross rent,925,3,296.81891666666667,1245.4402894918817
B25064_001,2016,Indiana,18,Median gross rent,758,3,296.81891666666667,1020.58782641605
B25064_001,2016,Iowa,19,Median gross rent,715,4,296.81891666666667,962.6916832288598
B25064_001,2016,Kansas,20,Median gross rent,775,4,296.81891666666667,1043.4769993040088
B25064_001,2016,Kentucky,21,Median gross rent,690,3,296.81891666666667,929.0311348642143
B25064_001,2016,Louisiana,22,Median gross rent,800,4,296.81891666666667,1077.1375476686544
B25064_001,2016,Maine,23,Median gross rent,790,6,296.81891666666667,1063.6733283227961
B25064_001,2016,Maryland,24,Median gross rent,1264,5,296.81891666666667,1701.8773253164738
B25064_001,2016,Massachusetts,25,Median gross rent,1129,4,296.81891666666667,1520.1103641473885
B25064_001,2016,Michigan,26,Median gross rent,799,3,296.81891666666667,1075.7911257340686
B25064_001,2016,Minnesota,27,Median gross rent,873,4,296.81891666666667,1175.4263488934191
B25064_001,2016,Mississippi,28,Median gross rent,723,5,296.81891666666667,973.4630587055464
B25064_001,2016,Missouri,29,Median gross rent,759,4,296.81891666666667,1021.9342483506358
B25064_001,2016,Montana,30,Median gross rent,732,6,296.81891666666667,985.5808561168187
B25064_001,2016,Nebraska,31,Median gross rent,745,5,296.81891666666667,1003.0843412664343
B25064_001,2016,Nevada,32,Median gross rent,984,4,296.81891666666667,1324.879183632445
B25064_001,2016,New Hampshire,33,Median gross rent,1021,10,296.81891666666667,1374.6967952121202
B25064_001,2016,New Jersey,34,Median gross rent,1213,4,296.81891666666667,1633.209806652597
B25064_001,2016,New Mexico,35,Median gross rent,792,6,296.81891666666667,1066.3661721919677
B25064_001,2016,New York,36,Median gross rent,1159,3,296.81891666666667,1560.503022184963
B25064_001,2016,North Carolina,37,Median gross rent,816,3,296.81891666666667,1098.6802986220275
B25064_001,2016,North Dakota,38,Median gross rent,736,7,296.81891666666667,990.966543855162
B25064_001,2016,Ohio,39,Median gross rent,743,2,296.81891666666667,1000.3914973972627
B25064_001,2016,Oklahoma,40,Median gross rent,742,3,296.81891666666667,999.0450754626769
B25064_001,2016,Oregon,41,Median gross rent,941,4,296.81891666666667,1266.9830404452546
B25064_001,2016,Pennsylvania,42,Median gross rent,859,2,296.81891666666667,1156.5764418092176
B25064_001,2016,Rhode Island,44,Median gross rent,938,7,296.81891666666667,1262.9437746414972
B25064_001,2016,South Carolina,45,Median gross rent,811,4,296.81891666666667,1091.9481889490983
B25064_001,2016,South Dakota,46,Median gross rent,676,7,296.81891666666667,910.1812277800129
B25064_001,2016,Tennessee,47,Median gross rent,782,3,296.81891666666667,1052.9019528461097
B25064_001,2016,Texas,48,Median gross rent,911,2,296.81891666666667,1226.5903824076802
B25064_001,2016,Utah,49,Median gross rent,912,6,296.81891666666667,1227.936804342266
B25064_001,2016,Vermont,50,Median gross rent,913,12,296.81891666666667,1229.2832262768518
B25064_001,2016,Virginia,51,Median gross rent,1135,4,296.81891666666667,1528.1888957549033
B25064_001,2016,Washington,53,Median gross rent,1056,4,296.81891666666667,1421.8215629226238
B25064_001,2016,West Virginia,54,Median gross rent,658,6,296.81891666666667,885.9456329574682
B25064_001,2016,Wisconsin,55,Median gross rent,789,2,296.81891666666667,1062.3269063882103
B25064_001,2016,Wyoming,56,Median gross rent,802,12,296.81891666666667,1079.830391537826
B25064_001,2016,Puerto Rico,72,Median gross rent,460,5,296.81891666666667,619.3540899094762
B25064_001,2017,Alabama,01,Median gross rent,747,3,308.144,968.8122906822784
B25064_001,2017,Alaska,02,Median gross rent,1200,13,308.144,1556.3249649514512
B25064_001,2017,Arizona,04,Median gross rent,972,4,308.144,1260.6232216106755
B25064_001,2017,Arkansas,05,Median gross rent,709,5,308.144,919.5286667921491
B25064_001,2017,California,06,Median gross rent,1358,3,308.144,1761.2410853367257
B25064_001,2017,Colorado,08,Median gross rent,1125,5,308.144,1459.0546546419855
B25064_001,2017,Connecticut,09,Median gross rent,1123,5,308.144,1456.4607797003998
B25064_001,2017,Delaware,10,Median gross rent,1076,10,308.144,1395.5047185731346
B25064_001,2017,District of Columbia,11,Median gross rent,1424,17,308.144,1846.8389584090555
B25064_001,2017,Florida,12,Median gross rent,1077,3,308.144,1396.8016560439276
B25064_001,2017,Georgia,13,Median gross rent,927,3,308.144,1202.2610354249962
B25064_001,2017,Hawaii,15,Median gross rent,1507,18,308.144,1954.4847684848642
B25064_001,2017,Idaho,16,Median gross rent,792,7,308.144,1027.1744768679578
B25064_001,2017,Illinois,17,Median gross rent,952,3,308.144,1234.684472194818
B25064_001,2017,Indiana,18,Median gross rent,782,3,308.144,1014.205102160029
B25064_001,2017,Iowa,19,Median gross rent,740,4,308.144,959.7337283867282
B25064_001,2017,Kansas,20,Median gross rent,801,5,308.144,1038.8469141050937
B25064_001,2017,Kentucky,21,Median gross rent,713,4,308.144,924.7164166753206
B25064_001,2017,Louisiana,22,Median gross rent,825,4,308.144,1069.9734134041228
B25064_001,2017,Maine,23,Median gross rent,808,7,308.144,1047.925476400644
B25064_001,2017,Maryland,24,Median gross rent,1311,5,308.144,1700.2850242094605
B25064_001,2017,Massachusetts,25,Median gross rent,1173,5,308.144,1521.3076532400435
B25064_001,2017,Michigan,26,Median gross rent,824,3,308.144,1068.6764759333298
B25064_001,2017,Minnesota,27,Median gross rent,906,4,308.144,1175.0253485383457
B25064_001,2017,Mississippi,28,Median gross rent,740,5,308.144,959.7337283867282
B25064_001,2017,Missouri,29,Median gross rent,784,4,308.144,1016.7989771016148
B25064_001,2017,Montana,30,Median gross rent,751,9,308.144,974.0000405654499
B25064_001,2017,Nebraska,31,Median gross rent,773,4,308.144,1002.5326649228932
B25064_001,2017,Nevada,32,Median gross rent,1017,6,308.144,1318.9854077963548
B25064_001,2017,New Hampshire,33,Median gross rent,1052,9,308.144,1364.3782192741055
B25064_001,2017,New Jersey,34,Median gross rent,1249,4,308.144,1619.874901020302
B25064_001,2017,New Mexico,35,Median gross rent,809,6,308.144,1049.2224138714366
B25064_001,2017,New York,36,Median gross rent,1194,3,308.144,1548.543340126694
B25064_001,2017,North Carolina,37,Median gross rent,844,3,308.144,1094.6152253491873
B25064_001,2017,North Dakota,38,Median gross rent,775,9,308.144,1005.1265398644789
B25064_001,2017,Ohio,39,Median gross rent,764,2,308.144,990.8602276857573
B25064_001,2017,Oklahoma,40,Median gross rent,766,3,308.144,993.454102627343
B25064_001,2017,Oregon,41,Median gross rent,988,4,308.144,1281.3742211433614
B25064_001,2017,Pennsylvania,42,Median gross rent,885,3,308.144,1147.7896616516953
B25064_001,2017,Rhode Island,44,Median gross rent,957,6,308.144,1241.1691595487823
B25064_001,2017,South Carolina,45,Median gross rent,836,4,308.144,1084.2397255828444
B25064_001,2017,South Dakota,46,Median gross rent,696,7,308.144,902.6684796718417
B25064_001,2017,Tennessee,47,Median gross rent,808,4,308.144,1047.925476400644
B25064_001,2017,Texas,48,Median gross rent,952,2,308.144,1234.684472194818
B25064_001,2017,Utah,49,Median gross rent,948,6,308.144,1229.4967223116464
B25064_001,2017,Vermont,50,Median gross rent,945,11,308.144,1225.6059098992678
B25064_001,2017,Virginia,51,Median gross rent,1166,5,308.144,1512.2290909444935
B25064_001,2017,Washington,53,Median gross rent,1120,4,308.144,1452.5699672880212
B25064_001,2017,West Virginia,54,Median gross rent,681,6,308.144,883.2144176099486
B25064_001,2017,Wisconsin,55,Median gross rent,813,3,308.144,1054.4101637546082
B25064_001,2017,Wyoming,56,Median gross rent,828,11,308.144,1073.8642258165014
B25064_001,2017,Puerto Rico,72,Median gross rent,464,6,308.144,601.7789864478945
B25064_001,2018,Alabama,01,Median gross rent,772,4,319.28866666666664,966.287921275001
B25064_001,2018,Alaska,02,Median gross rent,1231,13,319.28866666666664,1540.8036672144121
B25064_001,2018,Arizona,04,Median gross rent,1009,4,319.28866666666664,1262.933306433259
B25064_001,2018,Arkansas,05,Median gross rent,729,4,319.28866666666664,912.4661847273002
B25064_001,2018,California,06,Median gross rent,1429,2,319.28866666666664,1788.6339889921974
B25064_001,2018,Colorado,08,Median gross rent,1196,5,319.28866666666664,1496.9952770011673
B25064_001,2018,Connecticut,09,Median gross rent,1156,5,319.28866666666664,1446.9285453288876
B25064_001,2018,Delaware,10,Median gross rent,1110,9,319.28866666666664,1389.3518039057658
B25064_001,2018,District of Columbia,11,Median gross rent,1487,16,319.28866666666664,1861.2307499170033
B25064_001,2018,Florida,12,Median gross rent,1128,3,319.28866666666664,1411.8818331582916
B25064_001,2018,Georgia,13,Median gross rent,968,3,319.28866666666664,1211.6149064691722
B25064_001,2018,Hawaii,15,Median gross rent,1566,14,319.28866666666664,1960.1125449697558
B25064_001,2018,Idaho,16,Median gross rent,825,6,319.28866666666664,1032.6263407407719
B25064_001,2018,Illinois,17,Median gross rent,984,3,319.28866666666664,1231.641599138084
B25064_001,2018,Indiana,18,Median gross rent,807,4,319.28866666666664,1010.0963114882459
B25064_001,2018,Iowa,19,Median gross rent,766,5,319.28866666666664,958.777911524159
B25064_001,2018,Kansas,20,Median gross rent,831,5,319.28866666666664,1040.1363504916137
B25064_001,2018,Kentucky,21,Median gross rent,741,4,319.28866666666664,927.4862042289841
B25064_001,2018,Louisiana,22,Median gross rent,850,4,319.28866666666664,1063.9180480359466
B25064_001,2018,Maine,23,Median gross rent,831,8,319.28866666666664,1040.1363504916137
B25064_001,2018,Maryland,24,Median gross rent,1357,4,319.28866666666664,1698.5138719820936
B25064_001,2018,Massachusetts,25,Median gross rent,1225,6,319.28866666666664,1533.2936574635703
B25064_001,2018,Michigan,26,Median gross rent,850,2,319.28866666666664,1063.9180480359466
B25064_001,2018,Minnesota,27,Median gross rent,944,4,319.28866666666664,1181.5748674658043
B25064_001,2018,Mississippi,28,Median gross rent,762,5,319.28866666666664,953.771238356931
B25064_001,2018,Missouri,29,Median gross rent,809,4,319.28866666666664,1012.5996480718599
B25064_001,2018,Montana,30,Median gross rent,783,8,319.28866666666664,980.0562724848779
B25064_001,2018,Nebraska,31,Median gross rent,805,5,319.28866666666664,1007.5929749046319
B25064_001,2018,Nevada,32,Median gross rent,1060,5,319.28866666666664,1326.7683893154158
B25064_001,2018,New Hampshire,33,Median gross rent,1077,8,319.28866666666664,1348.0467502761348
B25064_001,2018,New Jersey,34,Median gross rent,1295,4,319.28866666666664,1620.91043789006
B25064_001,2018,New Mexico,35,Median gross rent,828,6,319.28866666666664,1036.381345616193
B25064_001,2018,New York,36,Median gross rent,1240,3,319.28866666666664,1552.0686818406753
B25064_001,2018,North Carolina,37,Median gross rent,877,3,319.28866666666664,1097.7130919147355
B25064_001,2018,North Dakota,38,Median gross rent,806,7,319.28866666666664,1008.8446431964388
B25064_001,2018,Ohio,39,Median gross rent,788,2,319.28866666666664,986.314613943913
B25064_001,2018,Oklahoma,40,Median gross rent,793,3,319.28866666666664,992.572955402948
B25064_001,2018,Oregon,41,Median gross rent,1050,5,319.28866666666664,1314.251706397346
B25064_001,2018,Pennsylvania,42,Median gross rent,915,3,319.28866666666664,1145.2764870034014
B25064_001,2018,Rhode Island,44,Median gross rent,981,9,319.28866666666664,1227.8865942626633
B25064_001,2018,South Carolina,45,Median gross rent,868,5,319.28866666666664,1086.4480772884726
B25064_001,2018,South Dakota,46,Median gross rent,722,9,319.28866666666664,903.7045066846512
B25064_001,2018,Tennessee,47,Median gross rent,841,3,319.28866666666664,1052.6530334096838
B25064_001,2018,Texas,48,Median gross rent,998,2,319.28866666666664,1249.164955223382
B25064_001,2018,Utah,49,Median gross rent,988,6,319.28866666666664,1236.6482723053123
B25064_001,2018,Vermont,50,Median gross rent,972,12,319.28866666666664,1216.6215796364002
B25064_001,2018,Virginia,51,Median gross rent,1202,5,319.28866666666664,1504.5052867520094
B25064_001,2018,Washington,53,Median gross rent,1194,5,319.28866666666664,1494.4919404175535
B25064_001,2018,West Virginia,54,Median gross rent,711,6,319.28866666666664,889.9361554747743
B25064_001,2018,Wisconsin,55,Median gross rent,837,3,319.28866666666664,1047.6463602424558
B25064_001,2018,Wyoming,56,Median gross rent,843,15,319.28866666666664,1055.1563699932976
B25064_001,2018,Puerto Rico,72,Median gross rent,474,4,319.28866666666664,593.2907703165162
B25064_001,2019,Alabama,01,Median gross rent,792,5,331.12675,955.8806469123983
B25064_001,2019,Alaska,02,Median gross rent,1244,13,331.12675,1501.408490857353
B25064_001,2019,Arizona,04,Median gross rent,1052,4,331.12675,1269.6798491816198
B25064_001,2019,Arkansas,05,Median gross rent,745,4,331.12675,899.1554065021928
B25064_001,2019,California,06,Median gross rent,1503,4,331.12675,1814.0007731178468
B25064_001,2019,Colorado,08,Median gross rent,1271,6,331.12675,1533.9953310930027
B25064_001,2019,Connecticut,09,Median gross rent,1180,6,331.12675,1424.1656102987752
B25064_001,2019,Delaware,10,Median gross rent,1130,8,331.12675,1363.8196098623864
B25064_001,2019,District of Columbia,11,Median gross rent,1541,19,331.12675,1859.8637334495022
B25064_001,2019,Florida,12,Median gross rent,1175,4,331.12675,1418.1310102551363
B25064_001,2019,Georgia,13,Median gross rent,1006,4,331.12675,1214.1615287801424
B25064_001,2019,Hawaii,15,Median gross rent,1617,18,331.12675,1951.5896541128132
B25064_001,2019,Idaho,16,Median gross rent,853,7,331.12675,1029.5027674447927
B25064_001,2019,Illinois,17,Median gross rent,1010,4,331.12675,1218.9892088150534
B25064_001,2019,Indiana,18,Median gross rent,826,3,331.12675,996.9159272091426
B25064_001,2019,Iowa,19,Median gross rent,789,4,331.12675,952.259886886215
B25064_001,2019,Kansas,20,Median gross rent,850,4,331.12675,1025.8820074186092
B25064_001,2019,Kentucky,21,Median gross rent,763,4,331.12675,920.8799666592928
B25064_001,2019,Louisiana,22,Median gross rent,866,4,331.12675,1045.1927275582536
B25064_001,2019,Maine,23,Median gross rent,853,8,331.12675,1029.5027674447927
B25064_001,2019,Maryland,24,Median gross rent,1392,5,331.12675,1680.0326521490636
B25064_001,2019,Massachusetts,25,Median gross rent,1282,6,331.12675,1547.2714511890083
B25064_001,2019,Michigan,26,Median gross rent,871,3,331.12675,1051.2273276018925
B25064_001,2019,Minnesota,27,Median gross rent,977,4,331.12675,1179.1608485270367
B25064_001,2019,Mississippi,28,Median gross rent,780,5,331.12675,941.3976068076649
B25064_001,2019,Missouri,29,Median gross rent,830,4,331.12675,1001.7436072440538
B25064_001,2019,Montana,30,Median gross rent,810,10,331.12675,977.6052070694982
B25064_001,2019,Nebraska,31,Median gross rent,833,5,331.12675,1005.364367270237
B25064_001,2019,Nevada,32,Median gross rent,1107,5,331.12675,1336.0604496616477
B25064_001,2019,New Hampshire,33,Median gross rent,1111,9,331.12675,1340.8881296965587
B25064_001,2019,New Jersey,34,Median gross rent,1334,5,331.12675,1610.0312916428527
B25064_001,2019,New Mexico,35,Median gross rent,844,6,331.12675,1018.6404873662426
B25064_001,2019,New York,36,Median gross rent,1280,3,331.12675,1544.857611171553
B25064_001,2019,North Carolina,37,Median gross rent,907,4,331.12675,1094.6764479160925
B25064_001,2019,North Dakota,38,Median gross rent,826,8,331.12675,996.9159272091426
B25064_001,2019,Ohio,39,Median gross rent,808,3,331.12675,975.1913670520427
B25064_001,2019,Oklahoma,40,Median gross rent,810,4,331.12675,977.6052070694982
B25064_001,2019,Oregon,41,Median gross rent,1110,5,331.12675,1339.681209687831
B25064_001,2019,Pennsylvania,42,Median gross rent,938,3,331.12675,1132.0909681866535
B25064_001,2019,Rhode Island,44,Median gross rent,1004,10,331.12675,1211.7476887626867
B25064_001,2019,South Carolina,45,Median gross rent,894,5,331.12675,1078.9864878026315
B25064_001,2019,South Dakota,46,Median gross rent,747,8,331.12675,901.5692465196483
B25064_001,2019,Tennessee,47,Median gross rent,869,3,331.12675,1048.813487584437
B25064_001,2019,Texas,48,Median gross rent,1045,3,331.12675,1261.2314091205255
B25064_001,2019,Utah,49,Median gross rent,1037,8,331.12675,1251.5760490507032
B25064_001,2019,Vermont,50,Median gross rent,985,12,331.12675,1188.816208596859
B25064_001,2019,Virginia,51,Median gross rent,1234,5,331.12675,1489.3392907700752
B25064_001,2019,Washington,53,Median gross rent,1258,6,331.12675,1518.3053709795417
B25064_001,2019,West Virginia,54,Median gross rent,725,5,331.12675,875.0170063276373
B25064_001,2019,Wisconsin,55,Median gross rent,856,2,331.12675,1033.123527470976
B25064_001,2019,Wyoming,56,Median gross rent,855,13,331.12675,1031.916607462248
B25064_001,2019,Puerto Rico,72,Median gross rent,478,4,331.12675,576.9077641718767
B25064_001,2020,Alabama,01,Median gross rent,811,5,341.47316666666666,949.1547510565741
B25064_001,2020,Alaska,02,Median gross rent,1240,16,341.47316666666666,1451.235377694392
B25064_001,2020,Arizona,04,Median gross rent,1097,5,341.47316666666666,1283.8751688151194
B25064_001,2020,Arkansas,05,Median gross rent,760,5,341.47316666666666,889.4668443933369
B25064_001,2020,California,06,Median gross rent,1586,4,341.47316666666666,1856.176862115569
B25064_001,2020,Colorado,08,Median gross rent,1335,6,341.47316666666666,1562.418733243559
B25064_001,2020,Connecticut,09,Median gross rent,1201,6,341.47316666666666,1405.5916843636812
B25064_001,2020,Delaware,10,Median gross rent,1150,11,341.47316666666666,1345.9037777004442
B25064_001,2020,District of Columbia,11,Median gross rent,1607,24,341.47316666666666,1880.7542354474901
B25064_001,2020,Florida,12,Median gross rent,1218,3,341.47316666666666,1425.487653251427
B25064_001,2020,Georgia,13,Median gross rent,1042,4,341.47316666666666,1219.5058577077068
B25064_001,2020,Hawaii,15,Median gross rent,1651,16,341.47316666666666,1932.2496843334202
B25064_001,2020,Idaho,16,Median gross rent,887,9,341.47316666666666,1038.1014354959077
B25064_001,2020,Illinois,17,Median gross rent,1038,4,341.47316666666666,1214.8244532635313
B25064_001,2020,Indiana,18,Median gross rent,844,3,341.47316666666666,987.7763377210216
B25064_001,2020,Iowa,19,Median gross rent,806,6,341.47316666666666,943.3029955013548
B25064_001,2020,Kansas,20,Median gross rent,863,6,341.47316666666666,1010.013008830855
B25064_001,2020,Kentucky,21,Median gross rent,783,4,341.47316666666666,916.3849199473459
B25064_001,2020,Louisiana,22,Median gross rent,876,5,341.47316666666666,1025.2275732744254
B25064_001,2020,Maine,23,Median gross rent,873,7,341.47316666666666,1021.7165199412937
B25064_001,2020,Maryland,24,Median gross rent,1415,6,341.47316666666666,1656.0468221270683
B25064_001,2020,Massachusetts,25,Median gross rent,1336,7,341.47316666666666,1563.5890843546028
B25064_001,2020,Michigan,26,Median gross rent,892,4,341.47316666666666,1043.953191051127
B25064_001,2020,Minnesota,27,Median gross rent,1010,7,341.47316666666666,1182.0546221543032
B25064_001,2020,Mississippi,28,Median gross rent,789,7,341.47316666666666,923.4070266136091
B25064_001,2020,Missouri,29,Median gross rent,843,3,341.47316666666666,986.6059866099778
B25064_001,2020,Montana,30,Median gross rent,836,13,341.47316666666666,978.4135288326707
B25064_001,2020,Nebraska,31,Median gross rent,857,5,341.47316666666666,1002.9909021645918
B25064_001,2020,Nevada,32,Median gross rent,1159,5,341.47316666666666,1356.4369376998388
B25064_001,2020,New Hampshire,33,Median gross rent,1145,10,341.47316666666666,1340.0520221452248
B25064_001,2020,New Jersey,34,Median gross rent,1368,5,341.47316666666666,1601.0403199080065
B25064_001,2020,New Mexico,35,Median gross rent,857,9,341.47316666666666,1002.9909021645918
B25064_001,2020,New York,36,Median gross rent,1315,5,341.47316666666666,1539.0117110226818
B25064_001,2020,North Carolina,37,Median gross rent,932,4,341.47316666666666,1090.7672354928816
B25064_001,2020,North Dakota,38,Median gross rent,828,9,341.47316666666666,969.0507199443198
B25064_001,2020,Ohio,39,Median gross rent,825,3,341.47316666666666,965.5396666111882
B25064_001,2020,Oklahoma,40,Median gross rent,818,4,341.47316666666666,957.3472088338812
B25064_001,2020,Oregon,41,Median gross rent,1173,5,341.47316666666666,1372.8218532544531
B25064_001,2020,Pennsylvania,42,Median gross rent,958,3,341.47316666666666,1121.1963643800223
B25064_001,2020,Rhode Island,44,Median gross rent,1031,12,341.47316666666666,1206.6319954862242
B25064_001,2020,South Carolina,45,Median gross rent,918,6,341.47316666666666,1074.3823199382675
B25064_001,2020,South Dakota,46,Median gross rent,761,11,341.47316666666666,890.6371955043809
B25064_001,2020,Tennessee,47,Median gross rent,897,4,341.47316666666666,1049.8049466063464
B25064_001,2020,Texas,48,Median gross rent,1082,3,341.47316666666666,1266.3199021494613
B25064_001,2020,Utah,49,Median gross rent,1090,7,341.47316666666666,1275.6827110378122
B25064_001,2020,Vermont,50,Median gross rent,999,15,341.47316666666666,1169.1807599328206
B25064_001,2020,Virginia,51,Median gross rent,1257,7,341.47316666666666,1471.1313465821377
B25064_001,2020,Washington,53,Median gross rent,1337,6,341.47316666666666,1564.759435465647
B25064_001,2020,West Virginia,54,Median gross rent,732,8,341.47316666666666,856.6970132841088
B25064_001,2020,Wisconsin,55,Median gross rent,872,4,341.47316666666666,1020.5461688302498
B25064_001,2020,Wyoming,56,Median gross rent,853,12,341.47316666666666,998.3094977204164
B25064_001,2020,Puerto Rico,72,Median gross rent,486,6,341.47316666666666,568.7906399673182
B25064_001,2021,Alabama,01,Median gross rent,852,5,349.1381666666667,975.247894696894
B25064_001,2021,Alaska,02,Median gross rent,1279,21,349.1381666666667,1464.0164991987413
B25064_001,2021,Arizona,04,Median gross rent,1172,5,349.1381666666667,1341.5381837849295
B25064_001,2021,Arkansas,05,Median gross rent,803,7,349.1381666666667,919.1596941802886
B25064_001,2021,California,06,Median gross rent,1698,3,349.1381666666667,1943.6278464733875
B25064_001,2021,Colorado,08,Median gross rent,1437,8,349.1381666666667,1644.8723294359586
B25064_001,2021,Connecticut,09,Median gross rent,1260,9,349.1381666666667,1442.2680132841392
B25064_001,2021,Delaware,10,Median gross rent,1199,11,349.1381666666667,1372.4439269267325
B25064_001,2021,District of Columbia,11,Median gross rent,1681,18,349.1381666666667,1924.1686748655857
B25064_001,2021,Florida,12,Median gross rent,1301,4,349.1381666666667,1489.1989565735437
B25064_001,2021,Georgia,13,Median gross rent,1110,4,349.1381666666667,1270.5694402741226
B25064_001,2021,Hawaii,15,Median gross rent,1755,16,349.1381666666667,2008.873304217194
B25064_001,2021,Idaho,16,Median gross rent,952,9,349.1381666666667,1089.713610036905
B25064_001,2021,Illinois,17,Median gross rent,1097,4,349.1381666666667,1255.688897279921
B25064_001,2021,Indiana,18,Median gross rent,891,4,349.1381666666667,1019.8895236794984
B25064_001,2021,Iowa,19,Median gross rent,845,4,349.1381666666667,967.2352946230933
B25064_001,2021,Kansas,20,Median gross rent,912,5,349.1381666666667,1043.9273239009008
B25064_001,2021,Kentucky,21,Median gross rent,826,5,349.1381666666667,945.4868087084913
B25064_001,2021,Louisiana,22,Median gross rent,923,5,349.1381666666667,1056.5185525883019
B25064_001,2021,Maine,23,Median gross rent,927,9,349.1381666666667,1061.0971812019025
B25064_001,2021,Maryland,24,Median gross rent,1485,7,349.1381666666667,1699.815872799164
B25064_001,2021,Massachusetts,25,Median gross rent,1429,9,349.1381666666667,1635.7150722087579
B25064_001,2021,Michigan,26,Median gross rent,946,4,349.1381666666667,1082.8456671165045
B25064_001,2021,Minnesota,27,Median gross rent,1081,5,349.1381666666667,1237.3743828255194
B25064_001,2021,Mississippi,28,Median gross rent,830,6,349.1381666666667,950.0654373220916
B25064_001,2021,Missouri,29,Median gross rent,886,4,349.1381666666667,1014.1662379124979
B25064_001,2021,Montana,30,Median gross rent,886,9,349.1381666666667,1014.1662379124979
B25064_001,2021,Nebraska,31,Median gross rent,909,6,349.1381666666667,1040.4933524407004
B25064_001,2021,Nevada,32,Median gross rent,1238,7,349.1381666666667,1417.0855559093368
B25064_001,2021,New Hampshire,33,Median gross rent,1212,12,349.1381666666667,1387.3244699209338
B25064_001,2021,New Jersey,34,Median gross rent,1436,5,349.1381666666667,1643.7276722825586
B25064_001,2021,New Mexico,35,Median gross rent,897,9,349.1381666666667,1026.757466599899
B25064_001,2021,New York,36,Median gross rent,1390,4,349.1381666666667,1591.0734432261536
B25064_001,2021,North Carolina,37,Median gross rent,988,4,349.1381666666667,1130.9212675593092
B25064_001,2021,North Dakota,38,Median gross rent,853,8,349.1381666666667,976.3925518502942
B25064_001,2021,Ohio,39,Median gross rent,870,3,349.1381666666667,995.8517234580961
B25064_001,2021,Oklahoma,40,Median gross rent,862,3,349.1381666666667,986.6944662308952
B25064_001,2021,Oregon,41,Median gross rent,1250,7,349.1381666666667,1430.821441750138
B25064_001,2021,Pennsylvania,42,Median gross rent,1013,5,349.1381666666667,1159.5376963943118
B25064_001,2021,Rhode Island,44,Median gross rent,1097,12,349.1381666666667,1255.688897279921
B25064_001,2021,South Carolina,45,Median gross rent,970,6,349.1381666666667,1110.317438798107
B25064_001,2021,South Dakota,46,Median gross rent,809,10,349.1381666666667,926.0276371006894
B25064_001,2021,Tennessee,47,Median gross rent,951,5,349.1381666666667,1088.568952883505
B25064_001,2021,Texas,48,Median gross rent,1146,3,349.1381666666667,1311.7770977965265
B25064_001,2021,Utah,49,Median gross rent,1171,8,349.1381666666667,1340.3935266315293
B25064_001,2021,Vermont,50,Median gross rent,1070,18,349.1381666666667,1224.783154138118
B25064_001,2021,Virginia,51,Median gross rent,1326,5,349.1381666666667,1517.8153854085465
B25064_001,2021,Washington,53,Median gross rent,1439,6,349.1381666666667,1647.161643742759
B25064_001,2021,West Virginia,54,Median gross rent,770,8,349.1381666666667,881.386008118085
B25064_001,2021,Wisconsin,55,Median gross rent,916,3,349.1381666666667,1048.5059525145011
B25064_001,2021,Wyoming,56,Median gross rent,878,14,349.1381666666667,1005.0089806852969
B25064_001,2021,Puerto Rico,72,Median gross rent,505,6,349.1381666666667,578.0518624670558
B25064_001,2022,Alabama,01,Median gross rent,925,6,370.2015833333333,998.5647121534463
B25064_001,2022,Alaska,02,Median gross rent,1345,17,370.2015833333333,1451.9670679420383
B25064_001,2022,Arizona,04,Median gross rent,1308,7,370.2015833333333,1412.0244794559003
B25064_001,2022,Arkansas,05,Median gross rent,868,5,370.2015833333333,937.0315352964232
B25064_001,2022,California,06,Median gross rent,1856,4,370.2015833333333,2003.6066008181583
B25064_001,2022,Colorado,08,Median gross rent,1594,8,370.2015833333333,1720.7698931595605
B25064_001,2022,Connecticut,09,Median gross rent,1374,9,370.2015833333333,1483.273421079822
B25064_001,2022,Delaware,10,Median gross rent,1286,17,370.2015833333333,1388.2748322479265
B25064_001,2022,District of Columbia,11,Median gross rent,1817,19,370.2015833333333,1961.504953494932
B25064_001,2022,Florida,12,Median gross rent,1444,4,370.2015833333333,1558.8404803779206
B25064_001,2022,Georgia,13,Median gross rent,1221,5,370.2015833333333,1318.1054200425492
B25064_001,2022,Hawaii,15,Median gross rent,1868,19,370.2015833333333,2016.5609538406895
B25064_001,2022,Idaho,16,Median gross rent,1061,11,370.2015833333333,1145.3807130754665
B25064_001,2022,Illinois,17,Median gross rent,1179,4,370.2015833333333,1272.76518446369
B25064_001,2022,Indiana,18,Median gross rent,967,4,370.2015833333333,1043.9049477323056
B25064_001,2022,Iowa,19,Median gross rent,914,6,370.2015833333333,986.6898885494594
B25064_001,2022,Kansas,20,Median gross rent,986,7,370.2015833333333,1064.4160066846466
B25064_001,2022,Kentucky,21,Median gross rent,902,6,370.2015833333333,973.7355355269282
B25064_001,2022,Louisiana,22,Median gross rent,996,6,370.2015833333333,1075.2113008700892
B25064_001,2022,Maine,23,Median gross rent,1009,15,370.2015833333333,1089.2451833111647
B25064_001,2022,Maryland,24,Median gross rent,1598,7,370.2015833333333,1725.0880108337376
B25064_001,2022,Massachusetts,25,Median gross rent,1588,9,370.2015833333333,1714.2927166482948
B25064_001,2022,Michigan,26,Median gross rent,1037,4,370.2015833333333,1119.4720070304043
B25064_001,2022,Minnesota,27,Median gross rent,1178,5,370.2015833333333,1271.6856550451457
B25064_001,2022,Mississippi,28,Median gross rent,896,7,370.2015833333333,967.2583590156626
B25064_001,2022,Missouri,29,Median gross rent,957,4,370.2015833333333,1033.1096535468628
B25064_001,2022,Montana,30,Median gross rent,974,13,370.2015833333333,1051.4616536621154
B25064_001,2022,Nebraska,31,Median gross rent,987,7,370.2015833333333,1065.495536103191
B25064_001,2022,Nevada,32,Median gross rent,1382,7,370.2015833333333,1491.909656428176
B25064_001,2022,New Hampshire,33,Median gross rent,1336,15,370.2015833333333,1442.2513031751398
B25064_001,2022,New Jersey,34,Median gross rent,1577,6,370.2015833333333,1702.417893044308
B25064_001,2022,New Mexico,35,Median gross rent,966,10,370.2015833333333,1042.8254183137612
B25064_001,2022,New York,36,Median gross rent,1507,6,370.2015833333333,1626.8508337462094
B25064_001,2022,North Carolina,37,Median gross rent,1093,4,370.2015833333333,1179.925654468883
B25064_001,2022,North Dakota,38,Median gross rent,912,13,370.2015833333333,984.5308297123709
B25064_001,2022,Ohio,39,Median gross rent,945,3,370.2015833333333,1020.1553005243317
B25064_001,2022,Oklahoma,40,Median gross rent,934,5,370.2015833333333,1008.2804769203448
B25064_001,2022,Oregon,41,Median gross rent,1373,7,370.2015833333333,1482.1938916612776
B25064_001,2022,Pennsylvania,42,Median gross rent,1110,5,370.2015833333333,1198.2776545841357
B25064_001,2022,Rhode Island,44,Median gross rent,1195,13,370.2015833333333,1290.0376551603983
B25064_001,2022,South Carolina,45,Median gross rent,1065,6,370.2015833333333,1149.6988307496435
B25064_001,2022,South Dakota,46,Median gross rent,878,8,370.2015833333333,947.8268294818658
B25064_001,2022,Tennessee,47,Median gross rent,1047,7,370.2015833333333,1130.2673012158468
B25064_001,2022,Texas,48,Median gross rent,1251,4,370.2015833333333,1350.4913025988772
B25064_001,2022,Utah,49,Median gross rent,1302,10,370.2015833333333,1405.5473029446348
B25064_001,2022,Vermont,50,Median gross rent,1149,17,370.2015833333333,1240.379301907362
B25064_001,2022,Virginia,51,Median gross rent,1440,7,370.2015833333333,1554.5223627037435
B25064_001,2022,Washington,53,Median gross rent,1592,8,370.2015833333333,1718.6108343224719
B25064_001,2022,West Virginia,54,Median gross rent,831,9,370.2015833333333,897.0889468102853
B25064_001,2022,Wisconsin,55,Median gross rent,992,4,370.2015833333333,1070.8931831959121
B25064_001,2022,Wyoming,56,Median gross rent,933,15,370.2015833333333,1007.2009475018004
B25064_001,2022,Puerto Rico,72,Median gross rent,545,5,370.2015833333333,588.3435331066252
B25064_001,2023,Alabama,01,Median gross rent,963,7,399.6435,963
B25064_001,2023,Alaska,02,Median gross rent,1388,20,399.6435,1388
B25064_001,2023,Arizona,04,Median gross rent,1431,8,399.6435,1431
B25064_001,2023,Arkansas,05,Median gross rent,914,7,399.6435,914
B25064_001,2023,California,06,Median gross rent,1956,5,399.6435,1956
B25064_001,2023,Colorado,08,Median gross rent,1693,7,399.6435,1693
B25064_001,2023,Connecticut,09,Median gross rent,1431,8,399.6435,1431
B25064_001,2023,Delaware,10,Median gross rent,1341,17,399.6435,1341
B25064_001,2023,District of Columbia,11,Median gross rent,1900,24,399.6435,1900
B25064_001,2023,Florida,12,Median gross rent,1564,6,399.6435,1564
B25064_001,2023,Georgia,13,Median gross rent,1306,6,399.6435,1306
B25064_001,2023,Hawaii,15,Median gross rent,1938,19,399.6435,1938
B25064_001,2023,Idaho,16,Median gross rent,1150,13,399.6435,1150
B25064_001,2023,Illinois,17,Median gross rent,1227,5,399.6435,1227
B25064_001,2023,Indiana,18,Median gross rent,1020,5,399.6435,1020
B25064_001,2023,Iowa,19,Median gross rent,949,5,399.6435,949
B25064_001,2023,Kansas,20,Median gross rent,1029,6,399.6435,1029
B25064_001,2023,Kentucky,21,Median gross rent,933,5,399.6435,933
B25064_001,2023,Louisiana,22,Median gross rent,1038,7,399.6435,1038
B25064_001,2023,Maine,23,Median gross rent,1084,12,399.6435,1084
B25064_001,2023,Maryland,24,Median gross rent,1662,7,399.6435,1662
B25064_001,2023,Massachusetts,25,Median gross rent,1687,9,399.6435,1687
B25064_001,2023,Michigan,26,Median gross rent,1084,5,399.6435,1084
B25064_001,2023,Minnesota,27,Median gross rent,1235,7,399.6435,1235
B25064_001,2023,Mississippi,28,Median gross rent,923,7,399.6435,923
B25064_001,2023,Missouri,29,Median gross rent,996,5,399.6435,996
B25064_001,2023,Montana,30,Median gross rent,1031,13,399.6435,1031
B25064_001,2023,Nebraska,31,Median gross rent,1035,7,399.6435,1035
B25064_001,2023,Nevada,32,Median gross rent,1489,9,399.6435,1489
B25064_001,2023,New Hampshire,33,Median gross rent,1423,16,399.6435,1423
B25064_001,2023,New Jersey,34,Median gross rent,1653,6,399.6435,1653
B25064_001,2023,New Mexico,35,Median gross rent,1021,12,399.6435,1021
B25064_001,2023,New York,36,Median gross rent,1576,6,399.6435,1576
B25064_001,2023,North Carolina,37,Median gross rent,1162,4,399.6435,1162
B25064_001,2023,North Dakota,38,Median gross rent,934,11,399.6435,934
B25064_001,2023,Ohio,39,Median gross rent,988,3,399.6435,988
B25064_001,2023,Oklahoma,40,Median gross rent,980,5,399.6435,980
B25064_001,2023,Oregon,41,Median gross rent,1450,7,399.6435,1450
B25064_001,2023,Pennsylvania,42,Median gross rent,1162,4,399.6435,1162
B25064_001,2023,Rhode Island,44,Median gross rent,1273,19,399.6435,1273
B25064_001,2023,South Carolina,45,Median gross rent,1126,7,399.6435,1126
B25064_001,2023,South Dakota,46,Median gross rent,912,10,399.6435,912
B25064_001,2023,Tennessee,47,Median gross rent,1122,7,399.6435,1122
B25064_001,2023,Texas,48,Median gross rent,1339,4,399.6435,1339
B25064_001,2023,Utah,49,Median gross rent,1405,10,399.6435,1405
B25064_001,2023,Vermont,50,Median gross rent,1193,16,399.6435,1193
B25064_001,2023,Virginia,51,Median gross rent,1514,8,399.6435,1514
B25064_001,2023,Washington,53,Median gross rent,1682,9,399.6435,1682
B25064_001,2023,West Virginia,54,Median gross rent,850,9,399.6435,850
B25064_001,2023,Wisconsin,55,Median gross rent,1045,4,399.6435,1045
B25064_001,2023,Wyoming,56,Median gross rent,968,16,399.6435,968
B25064_001,2023,Puerto Rico,72,Median gross rent,562,6,399.6435,562
